ID,asvabVerb_std
2,.82930229
5,
7,-1.5164387
9,
10,
12,
13,.22293837
14,
16,-.58328703
18,-2.1388817
19,-.77786441
20,-1.9705357
21,-1.8303012
22,-1.3731052
24,-1.1224566
26,-1.3106209
27,-.62690589
30,-.36681158
31,.05647767
35,.82930229
39,-1.7041223
42,-.06187606
44,-1.3731052
46,
51,.76143574
52,-.20741378
57,
58,-.71634695
60,-2.1388817
62,.73269921
64,-.14868263
65,-1.2226051
66,
67,
68,
70,.42525597
71,
73,
74,
75,-2.3476462
76,-1.5164387
79,-.94509014
80,-1.3731052
82,.03779488
83,-1.7041223
85,.92590537
87,.3462869
88,-1.7041223
89,.99526586
90,
92,-1.4470625
93,-1.3731052
95,.05647767
96,
97,.42525597
98,-.01980347
99,
105,1.07081
106,.10477921
108,1.2212511
113,1.0929841
116,
117,
118,
119,.27836876
120,
121,1.1280914
122,.80795553
123,
124,
126,-.50787115
131,1.4572223
132,1.1191115
133,.80795553
134,
135,1.5055238
138,.5877946
140,1.0929841
143,.78100075
144,.70894165
145,.49119152
146,-1.0389426
150,-1.3731052
152,.53949306
154,1.5538254
155,1.3824543
156,1.1674131
158,.63609614
161,-2.1388817
163,
165,-.40334213
167,
168,-.94509014
172,1.4572223
174,
176,.99526586
180,1.1191115
184,.87760383
185,-1.2226051
187,.99526586
190,.85323048
191,.53949306
195,.49119152
196,
199,.38330646
200,
202,-.54197836
206,
209,
210,
212,-.6825924
215,
218,
219,1.3224864
220,.67382176
222,.20138229
223,1.07081
225,.85323048
228,-.85335031
230,.99526586
231,
232,.63609614
233,
237,.44288998
239,
242,.22293837
244,-.71634695
246,.97047831
247,1.3224864
249,-.06187606
250,-.89808134
251,.44288998
254,.39458844
256,
257,
258,-.6825924
259,.22293837
260,-1.2226051
261,-1.4470625
262,-2.3476462
263,.05647767
264,.03779488
265,-1.2226051
268,.24968383
275,
277,
278,.38330646
279,
280,
281,-.28575195
282,.00817613
283,.80795553
285,-.71634695
287,-.85335031
294,.76143574
297,-.62690589
299,-1.0389426
304,.92590537
308,-.58328703
311,.63609614
314,1.2731619
316,.78100075
318,.49119152
321,.92590537
323,1.1674131
324,
325,.00817613
328,.67382176
329,.76143574
330,-.40334213
332,1.5538254
336,-.14868263
337,.53949306
340,-.71634695
341,-.10050233
342,
343,
344,
345,
346,-1.5164387
347,
348,
349,
350,
357,
358,
360,
361,
367,.63609614
369,-1.6220008
370,
372,-.77786441
375,1.5538254
376,
378,
380,-.58328703
381,
384,
385,-.28575195
386,-.26622121
391,
392,1.3606192
393,-.28575195
394,.82930229
395,
396,.67382176
397,
398,
399,.31785035
401,.50170736
404,-.28575195
405,.76143574
408,1.0377976
410,-2.1388817
412,-.13672848
413,
418,
419,1.07081
420,
421,
422,
427,-.62690589
429,.53949306
430,
432,-1.1224566
434,-.54197836
438,-.45456854
440,-.45456854
441,-1.4470625
443,
445,
446,
451,
454,.50170736
455,
456,.80795553
457,
458,
463,
466,-.94509014
471,-.77786441
475,-.62690589
476,
481,
482,.63609614
483,1.3824543
485,
487,-.77786441
490,1.5055238
491,-.01980347
493,
495,
496,
500,.38330646
501,-1.5164387
502,.70894165
503,.60597695
505,1.1674131
506,1.0377976
508,-.54197836
510,
511,-1.2226051
513,
516,-1.3106209
517,
520,
521,
522,-.71634695
524,-1.2226051
525,
526,
527,1.1191115
536,-.54197836
537,-1.3106209
539,
543,-.06187606
544,1.0377976
545,.78100075
546,1.1280914
547,.85323048
549,
550,1.5055238
551,1.1674131
552,.5877946
553,-1.2226051
554,-.10050233
555,.78100075
558,
561,.99526586
563,-1.3106209
564,.85323048
565,.03779488
567,-.62690589
568,.42525597
569,-.85335031
571,-1.6220008
572,.78100075
575,
576,.49119152
577,.22293837
578,.22293837
580,.49119152
581,-1.0061562
586,.44288998
588,-1.3731052
589,-1.0061562
590,1.0225084
598,-.36681158
600,-1.4470625
603,-1.8303012
606,1.0225084
608,1.3824543
611,.63609614
612,1.3824543
613,.97420691
616,1.2731619
618,.63609614
619,-1.3106209
620,
621,
623,
625,
627,1.3606192
628,.39458844
630,.73269921
631,.50170736
636,
638,1.3123177
640,.22293837
642,.89199162
643,.70894165
644,
645,
646,
647,-.58328703
648,-1.1224566
649,-.14868263
653,1.3824543
656,
657,
659,1.2731619
661,-.85335031
662,-1.3731052
663,
664,.49119152
665,
669,.39458844
670,
671,
673,.85323048
678,-1.3106209
680,-.36681158
683,-1.1224566
685,-.6825924
687,.70894165
688,-1.3731052
690,
691,
692,
694,.78100075
695,
696,
697,
699,
701,-2.1388817
702,
706,.22293837
711,.63609614
712,-.77786441
714,
716,-.6825924
717,-1.7041223
718,
719,.82930229
720,1.3224864
722,1.3824543
723,.24968383
724,1.5538254
726,1.5055238
729,.53949306
731,1.07081
737,.92590537
738,.92590537
743,.87760383
744,.49119152
745,1.4572223
746,1.1674131
747,
750,-1.9705357
752,-1.4470625
753,
754,.63609614
758,1.3824543
759,.00817613
761,-.6825924
763,1.3606192
764,-.13672848
765,.63609614
766,.27836876
768,.03779488
773,-.77786441
775,
776,
779,
780,
781,
783,
784,
785,1.1191115
786,
787,
788,1.2731619
789,.10477921
790,
792,
793,
794,1.1674131
798,1.0377976
799,
800,.63609614
803,
804,
805,-.36681158
806,-.26622121
808,.20138229
810,-.06187606
817,-1.6220008
819,.92590537
820,-.13672848
823,
826,
827,.82930229
830,
831,.78100075
834,
836,
837,-1.3106209
842,.80795553
843,1.1280914
845,.44288998
847,.78100075
852,-1.0061562
856,-.13672848
859,-.58328703
860,1.2082073
861,.76143574
865,1.3224864
866,
867,
870,-1.4470625
872,.99526586
874,-2.1388817
877,
882,
884,.5877946
885,.31785035
886,-.06187606
889,
890,-1.0389426
891,-1.7041223
893,.85323048
894,-.36681158
895,-.58328703
898,.78100075
900,.92590537
903,-.28575195
909,-1.5164387
911,1.1674131
914,.03779488
917,
918,.82930229
921,
926,
927,
929,.78100075
936,.10477921
937,1.1280914
938,.92590537
940,1.3606192
942,1.3824543
943,1.1191115
946,.97047831
953,.39458844
956,1.1674131
957,1.5055238
958,.24968383
959,-.58328703
960,.10477921
962,1.07081
963,1.2212511
968,
970,-.20741378
972,.39458844
973,1.0929841
974,1.3606192
975,.15308075
976,.63609614
977,.63609614
978,1.3824543
980,1.0377976
981,-1.3731052
982,1.07081
987,.76143574
990,.38330646
991,
994,.99526586
997,.15308075
998,.68439767
999,.63609614
1000,-.45456854
1001,.05647767
1002,-1.0389426
1004,.05647767
1005,.60597695
1006,-.20741378
1007,-1.2226051
1009,.78100075
1011,1.4572223
1012,1.2082073
1013,.42525597
1014,.44288998
1015,.53949306
1016,-.20741378
1018,.63609614
1019,1.0377976
1020,-1.4470625
1025,.82930229
1026,1.07081
1027,-1.3106209
1028,1.0377976
1030,.82930229
1031,.42525597
1032,-1.1224566
1034,-1.2226051
1036,
1037,-1.9705357
1038,
1041,-2.4552023
1044,-1.3106209
1046,-.85335031
1049,-1.1224566
1051,-2.3476462
1053,.05647767
1058,
1059,
1062,-1.0061562
1063,.63609614
1065,-1.1224566
1068,-1.2226051
1069,
1071,.99526586
1072,
1074,1.1191115
1078,-.40334213
1079,
1081,1.1280914
1085,-.28575195
1086,1.1674131
1089,1.0929841
1090,.89199162
1093,.44288998
1094,.49119152
1095,-.14868263
1097,-.6825924
1106,
1108,-.06187606
1110,
1111,
1112,
1113,1.3824543
1115,1.1280914
1117,.38330646
1122,1.3824543
1124,-1.2226051
1125,
1126,.15308075
1129,1.2212511
1130,.78100075
1131,-.62690589
1135,.97047831
1136,
1137,
1140,1.4572223
1141,
1142,.44288998
1147,
1150,.78100075
1155,.03779488
1157,.38330646
1158,
1159,
1161,.49119152
1162,.82930229
1163,1.1280914
1164,1.0929841
1167,.68439767
1168,-.89808134
1170,1.3824543
1171,.87760383
1172,
1174,
1176,-1.1224566
1178,1.3606192
1179,.50170736
1180,1.2212511
1183,-.06187606
1184,.82930229
1185,1.5055238
1186,.92590537
1189,1.5055238
1191,.80795553
1192,1.1674131
1193,1.1674131
1195,
1196,
1198,-1.4470625
1199,1.0225084
1201,-.26622121
1202,-.89808134
1204,-.77786441
1207,
1208,-1.0061562
1210,-1.7041223
1211,-1.2226051
1213,-1.3106209
1214,-1.4470625
1215,
1217,-.50787115
1218,.15308075
1219,-2.3476462
1221,
1222,-.94509014
1224,
1226,.20138229
1228,.39458844
1230,1.07081
1231,1.3824543
1232,.22293837
1233,1.3606192
1234,1.3824543
1235,1.3224864
1236,
1237,.15308075
1239,1.5538254
1240,.3462869
1244,
1247,1.3824543
1250,.89199162
1251,.68439767
1252,.67382176
1255,
1259,-1.6220008
1260,
1261,-.58328703
1262,-.71634695
1263,
1264,-.77786441
1267,1.4572223
1270,1.3824543
1272,
1273,.42525597
1277,.15308075
1278,.87760383
1279,.78100075
1280,.42525597
1281,.92590537
1283,1.4572223
1284,
1286,1.0929841
1287,.63609614
1288,1.0225084
1289,
1291,
1293,1.1191115
1294,.63609614
1297,.63609614
1298,-.89808134
1299,-.6825924
1300,.76143574
1301,-.54197836
1304,.99526586
1305,1.1191115
1310,
1318,-1.0389426
1320,.3462869
1321,-.20741378
1323,1.1674131
1326,.00817613
1332,.60597695
1335,.85323048
1336,.63609614
1339,.53949306
1341,1.3606192
1342,.3462869
1343,
1346,
1348,.92590537
1349,.39458844
1351,-.54197836
1352,-2.1388817
1353,-1.0389426
1359,
1360,.89199162
1361,.97047831
1363,
1364,-1.0389426
1365,
1366,
1367,1.2212511
1371,1.4572223
1373,1.5538254
1374,
1376,
1377,-1.8303012
1378,-1.5164387
1381,
1382,.60597695
1383,
1390,-.26622121
1394,-1.9705357
1395,-1.5164387
1396,-2.1388817
1397,-2.1388817
1400,.63609614
1401,.3462869
1402,
1404,.50170736
1405,
1406,1.1674131
1407,-.28575195
1408,
1409,
1417,
1418,-.85335031
1421,1.1674131
1425,-2.1388817
1426,-1.7041223
1431,.38330646
1434,
1435,.03779488
1439,-1.6220008
1441,-.50787115
1443,.03779488
1446,.15308075
1447,1.5538254
1449,.05647767
1452,.24968383
1455,1.3123177
1456,1.0929841
1457,1.4572223
1458,
1460,1.3824543
1461,
1463,1.3224864
1465,.60597695
1468,.70894165
1469,-1.2226051
1471,-1.1224566
1473,.67382176
1474,
1478,.67382176
1481,-.10050233
1482,
1483,
1484,.15308075
1485,.3462869
1486,-.20741378
1488,1.0225084
1491,1.2212511
1493,1.1674131
1503,.92590537
1505,-.26622121
1507,
1508,
1510,-.20741378
1514,-.6825924
1515,1.1674131
1518,1.3224864
1519,1.4572223
1520,.00817613
1522,1.5055238
1525,.24968383
1529,
1530,1.3123177
1532,.05647767
1535,-.77786441
1536,
1538,
1545,.97047831
1547,.53949306
1548,.39458844
1549,1.1191115
1552,.10477921
1553,
1554,
1555,
1556,.05647767
1558,
1559,-.6825924
1560,.87760383
1561,
1562,.22293837
1563,.22293837
1564,
1569,
1570,.03779488
1572,.82930229
1573,.76143574
1578,-.40334213
1579,
1580,-.40334213
1581,
1583,
1586,-1.5164387
1589,.67382176
1591,
1596,-.62690589
1597,
1607,
1609,
1613,
1615,
1617,
1618,1.0377976
1619,.99526586
1620,.15308075
1621,
1623,1.4572223
1625,
1626,
1627,.42525597
1628,1.2082073
1631,
1632,.97420691
1635,
1636,
1637,1.2731619
1638,-.01980347
1640,-.54197836
1643,.78100075
1645,1.3224864
1646,-.40334213
1648,.63609614
1649,.42525597
1650,
1652,1.07081
1653,
1654,1.0377976
1655,
1656,
1659,-.13672848
1661,
1662,
1664,.00817613
1665,.49119152
1666,-.14868263
1667,.49119152
1668,1.0225084
1675,.60597695
1676,.99526586
1678,.85323048
1681,.80795553
1683,.97420691
1685,
1687,
1688,
1692,.92590537
1693,.76143574
1694,1.2731619
1695,.92590537
1696,.82930229
1699,
1700,-1.1224566
1701,-.28575195
1702,.24968383
1704,1.07081
1707,
1708,
1710,.82930229
1711,.78100075
1714,
1715,-1.7041223
1720,-1.7041223
1721,
1722,
1724,
1725,
1726,
1727,
1729,
1732,
1734,-.28575195
1735,.50170736
1737,.15308075
1738,.92590537
1740,
1741,
1744,-.94509014
1746,-1.1224566
1748,.44288998
1753,1.2212511
1755,1.2212511
1757,.38330646
1758,.42525597
1759,
1762,
1763,
1764,
1765,.97047831
1766,.67382176
1767,
1768,-.06187606
1770,-.45456854
1771,
1775,
1777,-.45456854
1778,-.26622121
1779,-.50787115
1787,-1.3106209
1788,-1.3106209
1790,-2.1388817
1791,-1.5164387
1794,-.54197836
1795,
1797,-.06187606
1799,1.3224864
1802,.76143574
1803,
1805,.63609614
1807,.80795553
1808,
1809,1.1191115
1810,-.13672848
1811,-.85335031
1813,-.06187606
1815,.24968383
1816,-.13672848
1817,.42525597
1819,-.40334213
1820,.73269921
1823,.53949306
1825,.78100075
1826,1.1280914
1827,.76143574
1828,1.5055238
1830,1.07081
1831,-.58328703
1832,
1834,-.54197836
1836,1.0929841
1838,1.2212511
1842,-2.1388817
1843,
1845,-.62690589
1847,1.1674131
1849,-1.3731052
1851,-.54197836
1852,
1853,.99526586
1854,.39458844
1857,1.2731619
1859,1.07081
1861,.70894165
1867,-.36681158
1868,-2.4552023
1869,.73269921
1871,-1.6220008
1872,-.85335031
1873,.49119152
1878,
1879,-.89808134
1881,
1882,1.1191115
1885,
1886,.39458844
1887,1.3123177
1888,.78100075
1890,-.20741378
1891,-1.3106209
1892,.15308075
1895,-.85335031
1896,.38330646
1902,-.14868263
1904,.49119152
1905,.99526586
1907,.49119152
1910,-1.9705357
1911,-1.3731052
1914,.97047831
1915,
1918,1.0929841
1919,.76143574
1920,-.54197836
1922,.70894165
1925,.3462869
1927,
1929,-.45456854
1931,
1933,1.2212511
1935,-1.9705357
1936,-1.5164387
1937,.67382176
1938,-.14868263
1943,.87760383
1944,.60597695
1945,
1948,
1949,.00817613
1951,
1952,-2.1388817
1955,-1.1224566
1957,-.50787115
1958,-.62690589
1960,
1961,
1963,.70894165
1965,.70894165
1966,-.94509014
1967,.3462869
1968,.03779488
1970,1.3123177
1973,.73269921
1974,.99526586
1975,1.0225084
1976,-.36681158
1979,.10477921
1981,
1982,.78100075
1985,1.3606192
1990,.49119152
1993,
1994,.85323048
1996,1.2212511
1999,-1.3731052
2000,-1.8303012
2003,-.45456854
2005,
2006,1.2082073
2009,-1.2226051
2010,-.40334213
2013,-.89808134
2014,
2018,.05647767
2019,-.77786441
2024,-2.3476462
2029,.87760383
2030,.63609614
2032,.3462869
2035,.97420691
2037,-1.8303012
2041,.92590537
2042,1.0929841
2043,.68439767
2045,
2046,-1.0061562
2047,-2.4552023
2048,1.5538254
2049,.44288998
2050,.3462869
2051,1.1674131
2054,.97047831
2057,.89199162
2058,.27836876
2060,.80795553
2062,1.2731619
2064,
2065,-.01980347
2068,.5877946
2070,1.2212511
2071,1.2212511
2072,1.3606192
2073,.97420691
2074,.92590537
2076,1.3824543
2081,.97420691
2082,1.07081
2086,1.3224864
2087,
2088,.87760383
2089,1.2212511
2092,.80795553
2093,-.10050233
2095,.00817613
2096,.97047831
2099,1.3123177
2100,-.14868263
2108,-1.3106209
2110,
2111,-.62690589
2113,.68439767
2114,
2116,
2118,-.85335031
2119,-1.6220008
2120,.82930229
2121,.85323048
2122,.68439767
2123,1.0225084
2128,.53949306
2129,-.77786441
2130,.89199162
2131,1.3123177
2134,-1.1224566
2136,.05647767
2137,.5877946
2138,.39458844
2139,
2141,.63609614
2144,.50170736
2145,
2147,1.1280914
2149,
2150,.39458844
2151,.87760383
2154,-.62690589
2158,-1.9705357
2159,-.45456854
2161,
2162,1.1674131
2164,.82930229
2165,1.1674131
2166,-.94509014
2167,.97420691
2168,1.1674131
2172,.63609614
2173,.00817613
2175,
2178,-1.7041223
2181,
2182,1.1674131
2183,.99526586
2185,.15308075
2186,
2187,.82930229
2188,.5877946
2189,.44288998
2190,.78100075
2193,1.0377976
2197,-.20741378
2199,-.40334213
2200,1.5538254
2205,1.5055238
2206,1.1674131
2207,1.1191115
2208,1.3606192
2209,.92590537
2210,1.0929841
2211,.89199162
2212,.97420691
2213,1.0929841
2214,-.28575195
2215,1.1280914
2218,-.50787115
2220,
2221,-.40334213
2224,
2225,.97047831
2226,.92590537
2227,-2.4552023
2228,
2229,-.89808134
2230,-.94509014
2233,.50170736
2234,.53949306
2235,.42525597
2237,.78100075
2238,-1.0061562
2241,-.36681158
2242,-.45456854
2246,
2250,1.07081
2251,.97420691
2252,1.4572223
2253,1.5055238
2254,.3462869
2255,-.28575195
2256,-.28575195
2257,.92590537
2261,-.06187606
2262,-.28575195
2264,-.94509014
2266,.99526586
2267,.27836876
2269,.76143574
2272,.68439767
2273,.82930229
2274,
2275,1.3123177
2276,
2278,-.40334213
2279,.44288998
2281,
2282,
2285,-.71634695
2288,
2289,1.5538254
2290,1.07081
2291,.31785035
2292,.99526586
2294,
2295,.05647767
2296,.78100075
2297,-.71634695
2300,.15308075
2301,.53949306
2302,.53949306
2303,-.50787115
2305,1.2212511
2306,-1.1224566
2308,1.5055238
2309,.76143574
2310,.82930229
2312,.15308075
2313,1.07081
2314,-1.2226051
2315,-1.0061562
2316,-1.1224566
2319,.92590537
2325,1.3824543
2326,-1.0389426
2327,.24968383
2328,1.3824543
2329,.60597695
2330,1.1191115
2331,1.1191115
2333,.92590537
2338,.63609614
2341,.82930229
2342,.42525597
2346,.97420691
2349,.05647767
2350,.92590537
2352,.85323048
2355,
2357,
2358,
2360,-.28575195
2361,
2362,.31785035
2363,-.01980347
2365,-1.4470625
2367,-.10050233
2369,.5877946
2370,
2371,-.40334213
2372,.5877946
2373,-.71634695
2374,.10477921
2375,.63609614
2376,1.3824543
2377,1.3824543
2379,-1.0389426
2381,.24968383
2382,1.1280914
2383,.82930229
2384,.60597695
2385,.10477921
2387,
2388,
2389,
2393,-.50787115
2394,1.1280914
2395,1.07081
2397,1.1191115
2398,.63609614
2402,-.28575195
2404,.10477921
2407,.5877946
2408,-.36681158
2409,.38330646
2410,.49119152
2411,-.28575195
2414,.3462869
2417,
2418,-.71634695
2419,-.71634695
2421,1.3606192
2422,1.5538254
2423,.53949306
2425,.49119152
2428,
2429,
2431,.63609614
2434,.67382176
2436,-1.6220008
2439,1.07081
2441,-.20741378
2442,.03779488
2447,-.36681158
2449,
2451,
2453,
2455,-1.6220008
2458,1.3224864
2459,.87760383
2460,1.1674131
2461,.99526586
2463,.03779488
2466,1.1280914
2467,
2468,.70894165
2469,
2470,1.2212511
2477,1.0225084
2479,.82930229
2480,1.1674131
2481,.53949306
2483,.60597695
2484,-.36681158
2485,.67382176
2487,.00817613
2490,1.1280914
2492,1.0225084
2496,1.4572223
2497,.78100075
2498,
2499,
2500,-.20741378
2503,.92590537
2506,.38330646
2507,-1.9705357
2508,.53949306
2511,
2513,.92590537
2514,.87760383
2515,.60597695
2516,
2517,
2519,
2520,-.77786441
2522,1.3123177
2523,1.2212511
2524,.97047831
2525,.50170736
2526,.80795553
2527,1.07081
2530,.49119152
2533,
2534,
2535,-.77786441
2536,-1.3106209
2537,
2541,
2542,.85323048
2545,-1.5164387
2546,
2548,
2552,1.1280914
2558,1.0225084
2560,.73269921
2562,.82930229
2563,.63609614
2564,.89199162
2566,
2568,.63609614
2569,1.1674131
2573,.92590537
2574,-.58328703
2575,1.4572223
2576,1.3123177
2578,1.1674131
2581,1.07081
2584,-.10050233
2585,
2589,1.0929841
2591,.76143574
2593,.92590537
2594,1.5538254
2595,.38330646
2596,.80795553
2597,.76143574
2598,.82930229
2602,-1.0389426
2603,1.07081
2604,
2605,-.54197836
2606,1.1674131
2608,.15308075
2609,-.94509014
2611,.78100075
2613,.42525597
2614,1.1674131
2615,.70894165
2616,1.5055238
2618,1.5538254
2622,.49119152
2623,.27836876
2624,.49119152
2627,-1.4470625
2628,-.06187606
2629,.05647767
2630,-.85335031
2631,.53949306
2633,
2637,1.2731619
2641,-1.2226051
2643,-1.0061562
2644,.49119152
2648,-.6825924
2649,-1.7041223
2651,.3462869
2652,.44288998
2658,1.2082073
2660,.27836876
2661,.49119152
2662,.85323048
2665,-.14868263
2666,-.06187606
2668,.53949306
2673,.70894165
2676,.97047831
2677,.53949306
2678,.15308075
2682,1.0929841
2683,.50170736
2688,-.20741378
2689,-.06187606
2690,-1.6220008
2692,-.13672848
2693,.10477921
2694,
2695,-1.5164387
2696,-.45456854
2697,-.58328703
2700,.85323048
2701,1.5055238
2702,.44288998
2703,.3462869
2704,-1.4470625
2706,.49119152
2710,1.5538254
2711,1.3224864
2713,-.89808134
2714,1.5538254
2715,-1.9705357
2716,1.0225084
2719,-1.6220008
2721,-1.8303012
2727,.80795553
2728,
2730,.97420691
2731,1.2731619
2732,.82930229
2733,.78100075
2735,-.26622121
2736,-.6825924
2737,1.3123177
2738,1.07081
2741,-.62690589
2742,.5877946
2743,-.62690589
2747,-.50787115
2752,-.14868263
2753,.42525597
2755,.49119152
2756,1.3224864
2758,1.1191115
2759,-.6825924
2761,.10477921
2762,.50170736
2765,.92590537
2766,-.77786441
2773,
2774,
2775,1.2731619
2776,1.0929841
2778,1.3606192
2779,1.4572223
2786,
2788,.99526586
2789,
2790,
2791,.82930229
2794,
2795,
2798,-.50787115
2799,1.1191115
2800,.00817613
2807,.42525597
2808,
2810,-.94509014
2813,1.0225084
2814,-1.9705357
2819,.15308075
2822,
2823,
2825,-1.6220008
2829,.76143574
2830,
2831,
2833,1.07081
2835,.80795553
2846,
2850,
2851,.05647767
2854,1.07081
2857,
2858,.87760383
2860,-1.3106209
2862,.63609614
2863,-.45456854
2866,.31785035
2867,-1.0389426
2868,
2871,.78100075
2872,-.94509014
2873,1.1280914
2874,1.5538254
2875,1.1674131
2876,1.5055238
2880,.20138229
2881,1.1191115
2882,
2883,.53949306
2884,.76143574
2886,.10477921
2888,1.2082073
2890,.24968383
2891,-.6825924
2893,
2895,-.94509014
2896,.92590537
2897,-1.6220008
2898,1.4572223
2899,-.6825924
2900,.63609614
2901,.97420691
2904,-.94509014
2906,1.1674131
2907,.92590537
2908,.38330646
2910,1.1280914
2911,-.94509014
2915,.39458844
2916,.97047831
2917,.97420691
2918,1.3123177
2919,.27836876
2920,
2921,-.71634695
2923,-1.0061562
2925,-1.3106209
2926,.63609614
2930,-.01980347
2931,
2938,1.3824543
2939,1.07081
2941,.80795553
2945,1.2212511
2947,-.13672848
2949,.38330646
2950,.99526586
2951,.78100075
2954,-.40334213
2955,-1.3106209
2957,.63609614
2959,-1.5164387
2960,
2963,-.50787115
2964,
2965,.63609614
2967,-.36681158
2968,.05647767
2969,.20138229
2971,-.50787115
2972,-.54197836
2973,
2975,.78100075
2976,.53949306
2977,-.54197836
2978,.38330646
2979,.97420691
2980,.49119152
2981,1.5538254
2983,.24968383
2984,.53949306
2988,.53949306
2990,1.3824543
2992,1.3824543
2993,1.5538254
2994,.03779488
2995,1.07081
2996,-1.3731052
2999,
3001,.97420691
3003,.05647767
3004,.68439767
3008,-.77786441
3011,
3015,.78100075
3016,1.2212511
3019,1.1674131
3020,-1.0061562
3024,-.71634695
3027,1.1674131
3032,.50170736
3033,-1.6220008
3034,-.14868263
3035,-.89808134
3036,
3038,1.3606192
3042,.63609614
3043,.44288998
3044,
3048,.82930229
3053,.99526586
3055,-.13672848
3056,-.62690589
3057,.22293837
3058,
3059,.50170736
3061,-.20741378
3063,-.94509014
3064,.70894165
3065,-1.1224566
3068,.15308075
3069,
3072,1.3123177
3074,.70894165
3075,-.26622121
3076,.97420691
3077,.49119152
3080,-1.4470625
3082,.3462869
3084,1.5538254
3088,
3089,1.0377976
3090,.39458844
3091,.5877946
3092,.3462869
3094,
3095,
3097,.3462869
3098,-1.3106209
3101,
3102,-.62690589
3103,-1.9705357
3104,
3106,
3107,.15308075
3108,-1.9705357
3109,-2.3476462
3110,-.14868263
3111,
3113,-.85335031
3114,
3119,
3120,-.50787115
3121,1.1674131
3122,-1.1224566
3127,-.36681158
3128,.5877946
3130,-.28575195
3131,.63609614
3135,1.07081
3136,.53949306
3137,.53949306
3138,.82930229
3139,-1.3731052
3141,1.3123177
3142,1.2731619
3143,1.3224864
3145,1.5538254
3146,.85323048
3147,1.3824543
3149,.39458844
3150,.24968383
3152,
3154,.82930229
3156,1.1674131
3157,
3158,
3163,.70894165
3167,.5877946
3171,.99526586
3172,-2.1388817
3173,-.54197836
3174,.22293837
3176,.89199162
3181,.67382176
3184,.44288998
3187,.49119152
3191,.00817613
3193,.63609614
3194,.92590537
3197,1.1280914
3198,1.07081
3201,.63609614
3202,-1.8303012
3205,-.14868263
3207,
3208,
3209,
3212,.82930229
3215,.73269921
3216,.99526586
3217,
3219,.68439767
3220,-.28575195
3222,1.0929841
3224,-.62690589
3226,.39458844
3231,.82930229
3234,-2.3476462
3244,1.5538254
3245,
3246,-.77786441
3247,.3462869
3253,.68439767
3256,.50170736
3258,.67382176
3259,.42525597
3260,-2.4552023
3262,
3263,.92590537
3266,.85323048
3269,-2.3476462
3270,-.50787115
3271,1.0225084
3273,1.2731619
3274,.00817613
3275,
3281,1.4572223
3283,1.2212511
3285,-.6825924
3286,
3287,.53949306
3289,-1.0389426
3290,-.14868263
3293,.63609614
3294,
3299,-1.7041223
3300,.22293837
3301,
3304,
3305,-.89808134
3309,
3310,-.94509014
3311,.53949306
3314,
3315,.22293837
3321,.31785035
3322,-.36681158
3325,.27836876
3327,
3328,-.6825924
3330,
3332,.49119152
3333,.67382176
3335,.10477921
3336,
3338,
3340,-1.0061562
3341,1.0377976
3343,-1.3106209
3344,-1.2226051
3347,1.5055238
3350,.05647767
3351,.68439767
3352,-1.2226051
3354,.73269921
3356,
3359,
3362,
3366,1.0377976
3367,-1.3731052
3369,1.5538254
3370,.63609614
3372,.60597695
3373,.15308075
3374,.60597695
3378,1.2082073
3379,1.2212511
3382,-2.1388817
3384,-1.6220008
3385,-1.0389426
3386,.05647767
3387,-.10050233
3388,.85323048
3389,-.94509014
3390,-.85335031
3392,-2.1388817
3394,
3395,
3396,.92590537
3399,-.62690589
3400,-.77786441
3407,-1.3731052
3409,-.85335031
3412,
3418,.50170736
3419,-.89808134
3421,
3424,-2.4552023
3425,.3462869
3433,
3434,.3462869
3435,1.5055238
3436,-1.3106209
3439,.87760383
3440,-1.9705357
3446,.80795553
3447,-.14868263
3448,1.2082073
3449,.42525597
3450,.27836876
3451,.76143574
3454,1.3123177
3456,1.3824543
3457,1.3224864
3458,.82930229
3459,.85323048
3464,.00817613
3465,.89199162
3466,.24968383
3467,.82930229
3468,.99526586
3469,-.85335031
3471,1.1191115
3472,1.3606192
3473,-.89808134
3474,.20138229
3476,1.3123177
3482,.60597695
3485,-.40334213
3486,.63609614
3487,.63609614
3491,
3493,-.94509014
3495,.05647767
3496,.53949306
3499,-.28575195
3500,-.71634695
3502,-.20741378
3505,-1.0389426
3508,-.50787115
3509,-2.3476462
3511,-.89808134
3513,-.62690589
3514,
3515,.97420691
3516,.44288998
3518,-1.0061562
3520,.97420691
3523,1.3606192
3525,
3528,-.89808134
3530,1.0929841
3533,.49119152
3538,1.0377976
3539,.97047831
3543,-.54197836
3544,1.07081
3545,.42525597
3546,.49119152
3547,.38330646
3549,.92590537
3551,.76143574
3554,.82930229
3556,1.1280914
3557,1.3824543
3558,1.5538254
3559,.82930229
3560,.49119152
3563,1.1674131
3564,-.94509014
3565,-1.2226051
3568,.3462869
3569,.15308075
3570,-1.0061562
3571,-1.6220008
3572,
3573,-.89808134
3574,1.3824543
3580,-.58328703
3582,.70894165
3584,.50170736
3587,1.2212511
3589,1.1191115
3591,.22293837
3592,.31785035
3599,.97047831
3602,-1.1224566
3603,-.77786441
3605,.60597695
3606,1.07081
3609,-.85335031
3610,
3616,.44288998
3618,
3620,-.36681158
3621,
3622,
3623,-.13672848
3625,1.3824543
3626,.63609614
3629,
3630,.39458844
3632,.42525597
3635,-1.8303012
3636,-.13672848
3640,.82930229
3642,.70894165
3643,.99526586
3645,.87760383
3646,.76143574
3647,.80795553
3649,-1.6220008
3650,
3651,
3652,
3653,-2.4552023
3654,
3656,-.40334213
3657,
3658,
3659,
3660,-.01980347
3663,1.0929841
3664,-.14868263
3665,-.89808134
3666,.00817613
3668,
3669,
3671,
3672,
3674,
3675,
3676,
3679,.82930229
3680,
3683,-.45456854
3684,-.13672848
3685,
3686,
3687,-.36681158
3690,-.45456854
3692,-.58328703
3693,.10477921
3695,-1.3731052
3698,
3701,-1.2226051
3702,
3706,.15308075
3707,-1.6220008
3709,-.62690589
3714,.38330646
3715,-2.3476462
3719,-1.4470625
3721,
3723,.39458844
3724,
3725,1.1280914
3728,.22293837
3731,1.3606192
3732,-1.5164387
3733,-2.1388817
3734,-1.6220008
3737,-1.3731052
3738,1.07081
3743,
3746,.60597695
3749,-.58328703
3750,-1.8303012
3755,-1.1224566
3757,
3759,-.85335031
3760,-.58328703
3762,1.1674131
3763,-1.6220008
3768,1.07081
3769,.73269921
3770,1.5055238
3772,.68439767
3773,.15308075
3777,.63609614
3780,.42525597
3781,1.0225084
3783,-.77786441
3785,-.13672848
3787,1.3606192
3788,.49119152
3790,-1.2226051
3792,.03779488
3793,-.62690589
3794,
3795,-.62690589
3796,-.54197836
3797,-2.1388817
3800,.92590537
3802,.63609614
3805,.67382176
3808,-1.5164387
3809,.89199162
3811,.24968383
3813,
3814,.38330646
3816,1.0929841
3817,
3826,
3827,-1.2226051
3829,-.36681158
3831,-1.6220008
3834,
3835,
3836,
3839,.3462869
3840,-2.4552023
3844,-1.0061562
3845,-1.0061562
3848,.67382176
3849,.63609614
3850,1.1280914
3851,.63609614
3852,1.3824543
3854,-.13672848
3857,-1.9705357
3858,
3859,-1.9705357
3860,-.26622121
3863,-.94509014
3871,-1.6220008
3872,-1.4470625
3876,-1.0389426
3877,
3878,1.2082073
3880,
3881,-.01980347
3882,.89199162
3884,.53949306
3886,-1.7041223
3888,.39458844
3889,
3892,-1.0389426
3893,
3895,1.0225084
3896,.97420691
3898,
3902,-.01980347
3903,-.06187606
3904,.49119152
3908,.27836876
3910,
3914,
3915,-.62690589
3917,-1.6220008
3918,-2.4552023
3921,-1.9705357
3923,-1.7041223
3929,-1.0061562
3931,
3936,.15308075
3938,.80795553
3942,
3944,1.4572223
3946,
3947,.15308075
3949,-1.8303012
3950,
3951,.92590537
3953,.49119152
3956,.24968383
3957,.10477921
3958,-.20741378
3959,.5877946
3960,.89199162
3961,1.3824543
3962,.76143574
3967,1.07081
3969,
3974,-.54197836
3980,.67382176
3981,-.71634695
3986,
3987,.15308075
3988,.63609614
3991,.44288998
3993,-.58328703
3994,1.0225084
3995,-1.7041223
3996,-.71634695
3997,-1.6220008
3998,.5877946
4001,
4002,.53949306
4003,1.5538254
4004,.99526586
4005,.15308075
4006,-.10050233
4007,
4008,.92590537
4009,.15308075
4011,1.3123177
4013,.82930229
4014,1.1280914
4016,1.2212511
4021,-.10050233
4025,-.94509014
4029,-.13672848
4030,.73269921
4031,.15308075
4033,-.06187606
4037,.15308075
4038,1.1674131
4041,1.0929841
4043,-.6825924
4044,-.89808134
4045,
4048,-2.4552023
4050,1.4572223
4051,-.89808134
4054,.97047831
4056,
4057,.67382176
4059,-.20741378
4063,1.0377976
4064,.85323048
4065,.85323048
4066,-1.8303012
4068,
4070,1.5538254
4072,.99526586
4073,.00817613
4077,-2.3476462
4079,-1.5164387
4080,.73269921
4084,.42525597
4085,
4086,
4087,.22293837
4095,
4096,
4097,.60597695
4100,.67382176
4101,1.5538254
4106,-2.3476462
4107,
4108,.99526586
4109,.63609614
4110,-.28575195
4112,.31785035
4113,1.4572223
4119,-2.1388817
4120,.10477921
4121,-1.1224566
4123,-1.2226051
4125,.73269921
4126,.53949306
4128,.3462869
4129,.63609614
4131,1.0377976
4133,-.28575195
4134,.68439767
4139,1.1674131
4142,.42525597
4144,.63609614
4149,.80795553
4150,1.1674131
4152,.73269921
4153,.3462869
4154,
4155,
4156,-.71634695
4158,1.5538254
4160,1.5538254
4161,1.07081
4162,.53949306
4165,1.2731619
4166,-.28575195
4168,-1.0061562
4171,-1.3731052
4172,-1.3106209
4173,-1.2226051
4176,-1.5164387
4179,-1.1224566
4180,-.58328703
4181,-.06187606
4184,-2.1388817
4187,.63609614
4188,.38330646
4189,
4190,-.50787115
4192,-.58328703
4193,1.3824543
4196,-1.3731052
4198,.31785035
4199,1.3824543
4202,.97420691
4204,.78100075
4205,.10477921
4208,1.2731619
4209,-1.9705357
4211,-.89808134
4214,1.3123177
4217,1.0225084
4221,.50170736
4222,
4225,
4226,
4228,
4230,
4232,
4233,
4237,-.58328703
4239,.82930229
4240,.53949306
4243,
4244,
4245,-1.6220008
4247,-.94509014
4251,-1.2226051
4252,-.58328703
4256,1.3824543
4258,-1.8303012
4259,.99526586
4261,-1.7041223
4263,.53949306
4265,1.4572223
4266,1.3123177
4267,.92590537
4268,-.54197836
4269,.20138229
4270,-.20741378
4274,-.28575195
4275,-.28575195
4277,1.0929841
4278,1.1280914
4279,1.07081
4280,.20138229
4284,-1.4470625
4285,-1.4470625
4286,1.0225084
4288,.78100075
4289,
4291,.63609614
4292,
4294,.70894165
4295,1.2082073
4296,1.4572223
4299,.82930229
4300,1.2212511
4302,
4305,.38330646
4307,-1.2226051
4310,-1.7041223
4311,-.71634695
4312,.50170736
4313,-.10050233
4317,-.89808134
4320,-.50787115
4321,-2.4552023
4322,-.01980347
4323,
4326,-.77786441
4328,.10477921
4329,-1.0389426
4331,.70894165
4332,-.20741378
4334,-1.8303012
4337,-1.8303012
4339,-2.1388817
4341,.00817613
4342,-1.9705357
4344,-.85335031
4347,.31785035
4349,.49119152
4352,.05647767
4354,-1.9705357
4356,-1.5164387
4359,.89199162
4360,
4362,-.62690589
4363,.15308075
4364,.00817613
4374,-1.0389426
4378,-.01980347
4379,.15308075
4381,.53949306
4383,.73269921
4385,-1.2226051
4386,-2.1388817
4387,-.45456854
4389,-.89808134
4390,-2.3476462
4396,-.36681158
4397,.78100075
4401,-1.6220008
4402,-.40334213
4403,-1.3731052
4405,.97420691
4407,1.0377976
4411,.76143574
4413,1.3123177
4415,-.77786441
4416,.39458844
4420,
4421,
4422,
4424,-1.5164387
4425,-1.8303012
4426,-1.1224566
4432,-.10050233
4436,1.07081
4437,.67382176
4440,
4441,1.2082073
4444,.73269921
4445,1.1280914
4446,.76143574
4448,1.2731619
4450,1.5055238
4451,1.0377976
4453,.05647767
4454,-2.3476462
4455,1.0225084
4456,.87760383
4457,.82930229
4458,1.5055238
4460,.70894165
4463,-.89808134
4464,-.89808134
4466,-.89808134
4468,-.06187606
4472,.05647767
4475,-.14868263
4477,.78100075
4479,.73269921
4481,.70894165
4482,.49119152
4483,-.26622121
4484,-.94509014
4485,
4486,
4489,-1.7041223
4491,-.45456854
4492,-.62690589
4494,-2.1388817
4497,-1.0389426
4498,-.45456854
4500,.15308075
4502,-2.3476462
4503,-.26622121
4505,
4506,.24968383
4507,.87760383
4509,
4511,.70894165
4513,.3462869
4514,.38330646
4515,.03779488
4516,.39458844
4518,
4519,-.6825924
4520,-.06187606
4522,1.3824543
4525,1.5538254
4526,.00817613
4527,-.54197836
4528,1.2082073
4530,-1.8303012
4533,1.5538254
4535,.15308075
4537,1.3224864
4540,.99526586
4543,-.89808134
4544,.63609614
4545,-.77786441
4546,.49119152
4547,1.1674131
4551,-.45456854
4555,-.26622121
4562,-1.0389426
4564,1.0377976
4567,.38330646
4569,.00817613
4570,-.01980347
4571,-.58328703
4572,
4573,.53949306
4574,.20138229
4576,
4577,
4580,.70894165
4582,.63609614
4585,
4586,-.36681158
4587,.76143574
4589,-1.3731052
4591,.82930229
4592,1.2082073
4596,.53949306
4600,.49119152
4602,-1.3731052
4604,
4606,.15308075
4609,.97047831
4613,.15308075
4614,.50170736
4615,.78100075
4616,
4617,-.89808134
4622,.15308075
4623,-.10050233
4624,-2.1388817
4625,-1.7041223
4627,-1.9705357
4629,1.5538254
4631,.99526586
4632,.20138229
4636,1.1674131
4637,
4638,.24968383
4639,-1.7041223
4640,.03779488
4641,-.40334213
4642,.80795553
4643,1.5538254
4644,1.3123177
4645,.89199162
4646,
4653,-1.8303012
4654,.10477921
4659,-.10050233
4660,1.1674131
4661,-.85335031
4663,.49119152
4665,
4666,.63609614
4668,.10477921
4669,-.20741378
4679,.73269921
4680,.42525597
4681,-1.3106209
4682,-1.4470625
4690,.49119152
4691,-.20741378
4692,
4693,.63609614
4701,-1.9705357
4702,.89199162
4703,.63609614
4705,
4709,-1.1224566
4710,1.5055238
4712,-2.3476462
4713,-1.8303012
4717,-1.9705357
4724,1.0225084
4727,-1.2226051
4731,1.1674131
4734,-2.3476462
4735,
4736,.89199162
4737,-1.3106209
4740,.03779488
4743,.05647767
4744,-1.5164387
4745,.05647767
4746,-.20741378
4749,.67382176
4750,.63609614
4751,.50170736
4752,-.20741378
4759,1.3606192
4762,.24968383
4763,1.0377976
4764,
4765,-.06187606
4766,
4769,
4774,-1.4470625
4776,.3462869
4780,
4781,-2.3476462
4782,
4787,-.10050233
4788,1.4572223
4790,1.1674131
4791,
4793,
4794,
4798,-.40334213
4799,1.1191115
4800,.15308075
4803,.82930229
4805,.49119152
4808,
4810,.10477921
4813,.63609614
4814,.97420691
4817,1.4572223
4818,1.3606192
4819,.85323048
4820,1.1674131
4824,.53949306
4826,1.3123177
4827,-.28575195
4830,1.3824543
4831,
4832,1.3123177
4833,1.5538254
4835,.15308075
4836,.15308075
4839,.85323048
4840,-.77786441
4844,-1.6220008
4845,.97420691
4847,.60597695
4848,.63609614
4849,.3462869
4851,.67382176
4853,1.0377976
4861,-.71634695
4863,.68439767
4864,.00817613
4866,.63609614
4869,-1.0389426
4870,1.1191115
4872,.60597695
4874,-2.3476462
4883,-.71634695
4884,-.26622121
4886,.53949306
4887,.44288998
4889,.05647767
4890,.73269921
4891,
4892,-1.3106209
4894,1.0377976
4896,-.58328703
4897,.80795553
4900,.70894165
4902,-.6825924
4906,.85323048
4907,.42525597
4908,.3462869
4909,.70894165
4910,-1.9705357
4911,1.07081
4912,-.13672848
4913,.82930229
4914,
4916,.85323048
4918,1.07081
4919,.82930229
4920,.10477921
4921,.82930229
4922,.24968383
4927,.87760383
4928,.42525597
4929,
4930,
4931,-.13672848
4932,.80795553
4934,1.07081
4936,-1.9705357
4937,.03779488
4939,-.26622121
4940,-.26622121
4942,.89199162
4943,.20138229
4945,
4946,-.58328703
4947,.70894165
4948,.5877946
4950,-1.9705357
4951,
4953,.31785035
4954,-.36681158
4957,
4965,-1.3731052
4970,-1.3106209
4971,.5877946
4972,.20138229
4975,-1.4470625
4977,-.89808134
4980,
4981,.3462869
4983,.73269921
4984,.15308075
4986,.27836876
4987,.73269921
4989,
4992,.44288998
4997,-.20741378
5000,
5002,
5004,
5006,
5010,1.2082073
5012,.87760383
5013,.49119152
5014,1.1280914
5019,.76143574
5020,1.07081
5023,.87760383
5026,1.1674131
5028,.50170736
5029,.00817613
5030,1.3824543
5031,.97047831
5033,-1.0389426
5034,
5036,
5037,
5038,.78100075
5041,.3462869
5042,1.2082073
5044,
5045,1.5538254
5047,-.14868263
5050,
5052,-.01980347
5053,1.07081
5055,-1.4470625
5056,
5058,
5059,
5061,
5062,
5063,
5064,
5065,
5066,
5067,
5070,-1.3731052
5071,-1.3731052
5074,
5076,
5077,.50170736
5080,-.10050233
5081,.27836876
5084,.50170736
5088,.92590537
5090,.67382176
5093,-1.9705357
5094,.00817613
5100,.78100075
5102,.24968383
5103,
5105,-.14868263
5106,.20138229
5107,
5108,1.3123177
5109,.27836876
5110,.63609614
5112,-.26622121
5116,-.01980347
5117,.31785035
5119,
5120,.78100075
5121,
5122,-1.5164387
5124,-.62690589
5127,.10477921
5132,.82930229
5133,-.01980347
5134,-1.7041223
5135,-.40334213
5136,-.01980347
5139,-.62690589
5142,1.07081
5144,.85323048
5145,-1.0389426
5147,
5148,
5150,1.2212511
5153,.22293837
5155,1.3224864
5156,.92590537
5157,.38330646
5159,.73269921
5161,-.14868263
5162,1.1674131
5164,-1.0389426
5165,1.1191115
5166,.89199162
5170,.49119152
5172,.31785035
5174,1.5538254
5178,.82930229
5180,.82930229
5181,.49119152
5183,1.3224864
5184,.53949306
5188,.97047831
5191,.67382176
5197,1.2212511
5199,
5201,.22293837
5209,1.07081
5211,1.2082073
5213,-1.5164387
5214,-.71634695
5218,-1.6220008
5220,-.13672848
5222,.70894165
5223,.49119152
5224,.10477921
5226,
5229,.63609614
5231,-.50787115
5234,.63609614
5235,
5238,1.0929841
5240,-.77786441
5244,.03779488
5245,-.71634695
5246,.97420691
5248,-.77786441
5249,1.07081
5250,.68439767
5252,-.45456854
5254,
5255,
5258,.5877946
5259,1.0377976
5260,.00817613
5262,.78100075
5266,
5268,.24968383
5271,-.13672848
5273,.70894165
5275,
5277,
5278,.63609614
5279,.60597695
5282,-.58328703
5283,.10477921
5284,-1.4470625
5286,-1.0389426
5287,-.6825924
5288,-1.9705357
5292,
5301,-.26622121
5305,
5306,.39458844
5308,.31785035
5309,1.1280914
5312,1.0929841
5313,.05647767
5314,-1.3731052
5316,-.89808134
5321,1.3606192
5322,.42525597
5323,-1.0389426
5325,
5327,-.40334213
5329,-1.0389426
5330,.99526586
5331,
5332,.89199162
5336,-.36681158
5337,.38330646
5339,.49119152
5341,.15308075
5342,1.3606192
5345,1.3123177
5347,.99526586
5348,.78100075
5349,-.26622121
5350,.15308075
5352,.78100075
5353,.78100075
5354,.80795553
5355,.85323048
5356,1.3824543
5357,.92590537
5360,.67382176
5362,1.2212511
5363,.76143574
5364,-1.8303012
5366,.10477921
5368,.5877946
5370,
5371,
5373,
5374,
5375,.31785035
5376,-1.9705357
5377,.00817613
5379,.70894165
5380,1.3224864
5383,.39458844
5384,-1.0061562
5385,.97420691
5391,.24968383
5393,.78100075
5395,
5396,-1.3731052
5400,.31785035
5406,.50170736
5407,.67382176
5408,1.3824543
5409,.27836876
5415,-.01980347
5417,
5420,-.77786441
5423,.63609614
5426,-.26622121
5427,-.28575195
5428,.53949306
5429,-.62690589
5431,.42525597
5433,.92590537
5434,
5435,
5436,.63609614
5437,.80795553
5438,1.0225084
5439,.68439767
5440,.3462869
5441,-2.1388817
5442,.85323048
5443,
5445,.92590537
5447,.3462869
5449,
5450,-.14868263
5453,.49119152
5455,-1.6220008
5458,-.85335031
5459,.00817613
5461,-1.7041223
5462,-1.7041223
5464,1.3824543
5471,.53949306
5474,1.5538254
5481,.82930229
5483,-.62690589
5484,-.58328703
5486,
5488,.03779488
5491,1.07081
5492,1.1280914
5494,-.94509014
5497,.27836876
5499,-.6825924
5500,.38330646
5502,-1.7041223
5509,-.14868263
5510,-.40334213
5511,-.94509014
5512,1.07081
5515,-.85335031
5516,.76143574
5517,.67382176
5518,-2.3476462
5519,-.13672848
5520,1.2731619
5521,-1.3731052
5522,.39458844
5523,.78100075
5524,.3462869
5525,.31785035
5529,-.62690589
5532,.03779488
5533,.92590537
5536,1.3123177
5537,.78100075
5538,-.14868263
5539,-.54197836
5541,1.3224864
5542,1.07081
5545,.20138229
5546,1.0225084
5547,.44288998
5549,-1.4470625
5550,-.77786441
5552,1.2082073
5553,.78100075
5554,.3462869
5555,-.20741378
5556,.5877946
5557,.60597695
5561,.63609614
5566,.10477921
5568,-.89808134
5569,-.13672848
5574,-.85335031
5577,-.14868263
5579,-.14868263
5581,1.0929841
5582,
5586,-1.4470625
5588,
5591,-1.3731052
5592,-2.1388817
5593,-2.4552023
5595,.82930229
5596,-.71634695
5598,-1.8303012
5599,-1.8303012
5600,-.28575195
5602,.3462869
5604,-.36681158
5605,
5607,.44288998
5609,-.6825924
5611,-.77786441
5612,-1.3106209
5614,.50170736
5617,
5619,1.07081
5626,-.62690589
5627,
5629,-.14868263
5630,.20138229
5631,-.40334213
5635,-1.2226051
5636,-.50787115
5639,.3462869
5640,.38330646
5643,
5650,
5651,-.06187606
5652,.82930229
5654,
5657,-.6825924
5658,
5660,-1.5164387
5666,
5669,.5877946
5670,1.2082073
5671,.70894165
5673,
5675,
5676,
5678,
5680,-.10050233
5682,
5687,-.54197836
5689,.87760383
5692,-2.3476462
5693,-2.3476462
5696,-1.0389426
5698,-.45456854
5699,-.28575195
5701,-.20741378
5703,.00817613
5704,-.26622121
5709,-1.7041223
5713,.85323048
5715,-.94509014
5716,-.94509014
5721,-.89808134
5723,
5724,.20138229
5726,-1.9705357
5729,-1.9705357
5730,-2.3476462
5731,-1.0061562
5734,-1.6220008
5736,-.45456854
5737,-.54197836
5742,-1.3731052
5743,1.0225084
5744,.3462869
5746,.39458844
5747,
5749,-.54197836
5750,
5751,-.10050233
5754,
5755,-1.9705357
5756,
5758,
5759,.39458844
5760,
5765,-1.2226051
5766,-.77786441
5769,.89199162
5771,.53949306
5774,
5776,-.40334213
5777,.78100075
5779,
5780,
5781,-1.8303012
5782,-2.3476462
5784,
5786,-1.6220008
5789,-1.8303012
5790,1.2731619
5791,-1.8303012
5793,.15308075
5794,.27836876
5795,
5798,1.1674131
5802,1.2731619
5804,-2.1388817
5805,
5806,-.71634695
5809,-.26622121
5813,
5815,-2.3476462
5816,-.94509014
5817,-2.3476462
5821,-1.8303012
5823,-1.3106209
5825,
5828,-.50787115
5829,
5831,-1.8303012
5833,-2.1388817
5835,-2.3476462
5837,-1.0389426
5838,.97047831
5841,-1.8303012
5842,.92590537
5847,-2.3476462
5848,
5849,-.62690589
5850,-2.1388817
5852,-1.6220008
5857,
5861,1.3824543
5862,-1.4470625
5866,-.85335031
5867,.5877946
5868,.68439767
5869,-2.1388817
5872,
5874,-.58328703
5876,
5882,
5883,.92590537
5887,
5894,-.58328703
5896,-1.0061562
5899,-.40334213
5903,
5906,.5877946
5907,.00817613
5908,.24968383
5913,
5918,
5920,-1.8303012
5921,
5922,-.58328703
5923,-1.5164387
5924,.76143574
5926,
5927,-.40334213
5931,-.10050233
5932,
5935,-.50787115
5936,-1.7041223
5940,
5941,1.1674131
5947,1.3224864
5948,-.13672848
5950,1.1280914
5952,-1.0389426
5953,-.40334213
5954,.3462869
5956,
5959,-.36681158
5961,-1.8303012
5962,-.58328703
5963,-.06187606
5964,-.40334213
5967,
5969,.24968383
5970,-2.4552023
5976,
5977,.70894165
5982,-.36681158
5983,-.45456854
5984,-1.0061562
5986,-1.0061562
5989,-.26622121
5990,.15308075
5995,-1.7041223
5997,-2.3476462
5998,.42525597
5999,-.89808134
6000,1.0225084
6001,.3462869
6002,1.4572223
6003,1.1674131
6004,.67382176
6009,-1.8303012
6011,-2.4552023
6015,-1.9705357
6017,-2.3476462
6018,-.77786441
6020,-1.8303012
6021,1.2731619
6022,-.85335031
6023,1.5538254
6025,-1.3731052
6026,-.54197836
6031,
6037,.44288998
6038,.80795553
6040,-1.7041223
6041,-1.9705357
6042,.44288998
6045,
6046,-1.3106209
6049,.85323048
6050,
6052,
6054,-.71634695
6059,-.94509014
6060,-.50787115
6061,-1.2226051
6062,-1.0061562
6064,-1.1224566
6066,
6068,.15308075
6069,.00817613
6070,-1.5164387
6072,
6073,.63609614
6074,.27836876
6075,.63609614
6078,1.3123177
6082,.31785035
6083,-1.8303012
6084,
6085,-.20741378
6088,1.1191115
6089,-1.5164387
6091,-.45456854
6094,
6096,.00817613
6097,-.13672848
6098,.22293837
6100,
6101,
6103,
6104,
6106,-1.0061562
6108,.97047831
6111,-.36681158
6113,.05647767
6116,.39458844
6118,-1.4470625
6119,-1.3731052
6120,-.54197836
6121,-.50787115
6123,-.94509014
6125,-1.9705357
6129,
6130,
6131,
6133,.15308075
6134,1.3606192
6143,-.85335031
6145,
6149,-.13672848
6151,1.2082073
6153,.00817613
6154,
6158,.63609614
6163,-1.1224566
6165,-.71634695
6172,
6174,.20138229
6176,
6181,1.3123177
6182,-.14868263
6184,-.14868263
6185,-.58328703
6187,.78100075
6191,1.5055238
6192,1.2082073
6193,.80795553
6195,-.40334213
6196,-1.8303012
6200,.97420691
6204,1.3123177
6205,-.89808134
6206,.00817613
6207,-.62690589
6210,.80795553
6213,.85323048
6214,.49119152
6215,1.1191115
6216,-1.9705357
6218,-1.6220008
6219,-1.6220008
6220,-.06187606
6222,
6223,.73269921
6224,.05647767
6229,-.01980347
6230,.63609614
6231,-.36681158
6234,.70894165
6236,-1.1224566
6237,.89199162
6238,.82930229
6240,1.2731619
6245,1.2082073
6247,.15308075
6248,1.3606192
6250,.82930229
6251,-.36681158
6252,1.1674131
6254,-1.4470625
6256,.97420691
6257,-.6825924
6261,.97047831
6263,1.07081
6264,
6267,
6272,.49119152
6273,
6274,.87760383
6276,-.36681158
6282,-1.6220008
6283,-.85335031
6285,
6286,.63609614
6288,
6292,-.01980347
6293,.38330646
6296,-.40334213
6297,-.77786441
6298,-1.0389426
6302,-.62690589
6303,.53949306
6307,
6309,1.2082073
6311,.82930229
6314,.5877946
6316,1.2731619
6317,.05647767
6318,1.3123177
6320,-.45456854
6321,.10477921
6324,.92590537
6325,.63609614
6326,-.20741378
6327,1.07081
6331,.53949306
6332,1.1674131
6334,
6337,
6338,-.10050233
6340,1.07081
6342,
6343,
6344,.00817613
6347,.44288998
6348,-.26622121
6352,.49119152
6353,-1.0061562
6354,1.3824543
6357,-.10050233
6361,.24968383
6362,.50170736
6363,
6364,-1.3731052
6366,-.54197836
6371,
6377,-.40334213
6381,.80795553
6383,1.07081
6384,1.3123177
6385,.78100075
6387,-.06187606
6388,-2.1388817
6389,.78100075
6391,.49119152
6392,.50170736
6393,.67382176
6396,-.71634695
6397,.63609614
6398,
6402,-1.0061562
6403,.82930229
6404,
6405,.3462869
6406,.70894165
6409,.92590537
6410,-.54197836
6411,-.6825924
6412,.78100075
6415,1.0929841
6416,.68439767
6417,
6423,1.2731619
6425,-.40334213
6430,-.62690589
6432,.05647767
6433,1.1191115
6434,.20138229
6435,.85323048
6438,.67382176
6439,1.3824543
6441,.97420691
6442,1.07081
6443,.68439767
6445,-1.3106209
6446,
6449,1.07081
6450,
6452,
6453,.73269921
6454,.99526586
6455,.80795553
6459,
6460,-.40334213
6461,-1.2226051
6462,-1.1224566
6464,-2.1388817
6466,-1.5164387
6471,1.0225084
6472,.31785035
6476,.39458844
6478,1.4572223
6479,.15308075
6480,-1.6220008
6481,.78100075
6485,.31785035
6486,.70894165
6488,1.0225084
6494,.78100075
6495,.49119152
6496,-.13672848
6497,-1.8303012
6502,-.01980347
6503,.73269921
6504,.63609614
6505,
6507,
6510,1.4572223
6512,.99526586
6517,.24968383
6522,.05647767
6525,.15308075
6526,
6529,.53949306
6530,-2.1388817
6531,-.58328703
6532,
6533,.5877946
6534,.20138229
6537,-.10050233
6538,1.5538254
6539,.82930229
6543,-1.5164387
6545,
6547,.15308075
6551,.63609614
6552,1.0225084
6553,-.20741378
6554,-.54197836
6555,.24968383
6556,.00817613
6559,-.71634695
6562,.82930229
6563,1.1280914
6565,1.1674131
6569,-.45456854
6570,-1.8303012
6571,.63609614
6576,-1.6220008
6577,.38330646
6578,.82930229
6583,-1.3731052
6585,-1.7041223
6587,-1.3731052
6593,
6595,
6596,-1.4470625
6597,
6600,
6602,
6604,.31785035
6606,-1.0389426
6607,-.28575195
6608,-1.0061562
6609,-1.2226051
6610,
6611,
6612,
6613,
6614,
6619,
6620,-.14868263
6621,.3462869
6622,-1.4470625
6623,
6625,
6630,
6634,-.01980347
6637,
6640,
6641,
6642,.15308075
6643,-.58328703
6644,-1.0389426
6647,-1.2226051
6654,
6655,-1.3731052
6656,-2.3476462
6657,
6658,
6661,
6662,
6664,.76143574
6668,
6669,
6670,
6672,
6674,-2.3476462
6675,
6676,-.94509014
6677,
6679,
6680,-.6825924
6681,-1.1224566
6683,.92590537
6684,
6685,
6686,
6690,
6693,
6694,
6695,
6697,
6699,
6701,-1.8303012
6702,.53949306
6703,
6704,
6705,
6708,
6709,-1.2226051
6710,.22293837
6715,
6717,
6719,
6720,
6723,
6724,
6726,
6728,-1.9705357
6729,-.14868263
6732,
6733,
6734,.05647767
6738,1.5055238
6739,
6740,-1.9705357
6742,.15308075
6743,
6744,-.20741378
6745,.85323048
6747,.78100075
6755,
6758,-.94509014
6759,1.0929841
6761,-2.3476462
6762,-1.3731052
6764,
6767,-.14868263
6768,-1.8303012
6770,.15308075
6772,-.6825924
6773,.05647767
6778,-1.3106209
6779,.00817613
6780,-.94509014
6783,-1.5164387
6784,-1.6220008
6787,-2.1388817
6789,-1.3106209
6790,-2.3476462
6792,-.50787115
6796,-1.6220008
6797,-.94509014
6798,.50170736
6800,
6802,
6804,-1.4470625
6806,.38330646
6812,-.71634695
6814,
6816,-1.1224566
6819,-.14868263
6824,.97047831
6826,.63609614
6827,-.71634695
6828,.87760383
6830,
6833,
6836,
6837,
6841,-.40334213
6843,
6844,-2.3476462
6845,-1.6220008
6846,-.54197836
6847,-.89808134
6848,
6850,-1.3731052
6853,
6854,
6856,-2.3476462
6859,.50170736
6860,.03779488
6861,.76143574
6862,.92590537
6863,-1.4470625
6865,.78100075
6867,-.50787115
6870,-1.3731052
6871,-1.1224566
6872,-1.6220008
6873,-1.6220008
6875,-1.7041223
6876,.10477921
6877,
6878,
6879,-.14868263
6886,.31785035
6887,-.6825924
6888,.49119152
6892,
6894,-.58328703
6899,-.28575195
6901,.60597695
6904,-.45456854
6907,
6910,-.45456854
6911,.27836876
6912,-.89808134
6915,-.36681158
6918,-1.8303012
6922,-1.4470625
6926,
6927,
6928,-1.6220008
6929,-1.9705357
6932,
6934,-1.6220008
6939,.85323048
6940,.20138229
6941,.49119152
6942,-.13672848
6943,.03779488
6950,-1.1224566
6954,.05647767
6957,-1.8303012
6958,
6959,
6960,
6961,.00817613
6963,
6966,.27836876
6968,
6969,-1.8303012
6970,
6973,-.13672848
6974,.24968383
6975,.15308075
6977,-.71634695
6979,
6982,-2.1388817
6983,
6984,
6988,1.1674131
6990,-2.3476462
6992,-1.3106209
6993,.63609614
6994,-1.2226051
6995,-.6825924
6997,-1.5164387
6999,
7001,
7002,-.50787115
7005,
7008,
7009,.03779488
7015,-2.4552023
7016,-1.9705357
7019,-1.2226051
7020,
7022,-.36681158
7023,-2.1388817
7025,
7027,-1.4470625
7028,.20138229
7029,-1.9705357
7030,-.58328703
7031,-1.3106209
7033,
7039,.05647767
7040,-1.5164387
7043,-.10050233
7044,1.0377976
7045,
7046,.53949306
7047,-.06187606
7049,-1.3731052
7051,.78100075
7052,.39458844
7055,.27836876
7056,.68439767
7061,.78100075
7062,1.1280914
7065,-1.5164387
7067,-2.3476462
7068,-1.5164387
7071,
7074,-.01980347
7076,-.54197836
7077,-1.2226051
7078,-.13672848
7080,.82930229
7085,-.40334213
7087,
7092,-.10050233
7093,
7095,.03779488
7097,.27836876
7100,
7101,.82930229
7102,-.89808134
7103,-.45456854
7104,
7108,.87760383
7109,-1.5164387
7113,-.6825924
7114,-.89808134
7115,-1.6220008
7116,-.50787115
7119,
7126,-1.5164387
7127,-.85335031
7128,-1.8303012
7129,
7130,
7131,
7134,-.77786441
7135,.82930229
7138,-.28575195
7141,-1.8303012
7143,-.06187606
7146,-1.5164387
7149,-.28575195
7150,-.26622121
7153,.3462869
7155,1.3123177
7156,
7157,
7159,-.89808134
7160,
7163,1.1280914
7165,
7167,-1.3106209
7168,.5877946
7170,.31785035
7171,-1.1224566
7174,.78100075
7179,-.94509014
7181,
7184,.63609614
7186,.3462869
7190,-.13672848
7191,.68439767
7193,.85323048
7195,.22293837
7196,-.40334213
7197,.99526586
7201,.03779488
7202,-1.2226051
7203,
7205,
7206,1.3224864
7207,
7209,.22293837
7210,-.01980347
7212,
7214,
7216,
7219,-.36681158
7220,.38330646
7221,
7222,.78100075
7223,.63609614
7224,.39458844
7225,.78100075
7227,-1.1224566
7228,
7229,-1.0061562
7231,
7233,-1.9705357
7234,-2.3476462
7238,
7239,
7242,-1.0061562
7245,
7246,-1.0061562
7247,-2.1388817
7248,-1.4470625
7249,-1.7041223
7250,
7251,-1.3731052
7252,.53949306
7253,
7254,-.50787115
7255,.15308075
7256,
7257,.15308075
7259,-.40334213
7260,-1.2226051
7261,-1.1224566
7265,
7266,-1.8303012
7267,-1.9705357
7271,-2.3476462
7272,.38330646
7274,-2.1388817
7276,-1.0061562
7277,-.20741378
7278,-1.1224566
7280,
7282,-2.3476462
7283,-2.3476462
7285,.27836876
7287,
7288,-.94509014
7289,.63609614
7290,-.28575195
7292,-.36681158
7297,
7298,
7299,
7300,
7307,.63609614
7308,-.06187606
7309,.49119152
7310,-1.0389426
7311,
7312,
7314,-.85335031
7315,
7316,-2.3476462
7320,
7322,-.45456854
7323,.5877946
7325,-.10050233
7326,
7331,-1.6220008
7332,-.45456854
7334,-.71634695
7335,-.10050233
7336,.67382176
7337,-1.0061562
7338,-.6825924
7339,1.5055238
7342,-1.0389426
7343,.03779488
7345,-1.3731052
7346,-.20741378
7347,-.45456854
7349,-.50787115
7350,-.77786441
7352,-.28575195
7353,-1.0389426
7354,-.62690589
7355,-.54197836
7356,-.54197836
7358,.39458844
7360,1.2731619
7361,-1.9705357
7362,-.36681158
7363,-1.8303012
7364,-.89808134
7369,-1.7041223
7372,-1.0389426
7375,-.58328703
7376,-1.7041223
7377,-1.7041223
7383,.85323048
7386,-.89808134
7387,-2.1388817
7389,.15308075
7393,
7394,1.3224864
7396,-.10050233
7397,-1.9705357
7398,
7402,.42525597
7403,-1.6220008
7405,
7412,-.58328703
7413,
7415,-.26622121
7416,
7417,.3462869
7418,
7421,.5877946
7423,
7424,-1.0061562
7425,-2.4552023
7426,-1.2226051
7427,-.28575195
7428,-.36681158
7430,-.85335031
7431,
7433,-1.2226051
7435,.53949306
7436,-1.5164387
7439,-1.5164387
7441,.53949306
7442,.20138229
7447,
7448,-1.8303012
7449,-1.1224566
7451,
7453,
7455,-.58328703
7457,-.77786441
7458,-.71634695
7459,-2.3476462
7461,-.89808134
7462,-1.9705357
7463,-1.5164387
7464,-.10050233
7465,-.94509014
7466,
7471,-1.4470625
7472,-.54197836
7473,.50170736
7474,.82930229
7475,
7476,.00817613
7481,-1.2226051
7483,-2.4552023
7484,-.28575195
7485,-1.3106209
7488,
7490,
7497,.3462869
7498,-1.5164387
7500,-.26622121
7502,-1.8303012
7503,-1.1224566
7505,
7506,-1.1224566
7507,-.62690589
7510,.44288998
7515,-.26622121
7516,.42525597
7518,-.62690589
7522,-.13672848
7523,.78100075
7524,-2.4552023
7526,
7529,
7532,.20138229
7537,.10477921
7538,1.2212511
7540,-1.7041223
7542,
7544,
7547,.10477921
7548,-.26622121
7549,-1.2226051
7550,.63609614
7552,-.77786441
7553,.27836876
7554,-1.0061562
7558,-.54197836
7560,-.50787115
7561,-1.1224566
7562,-1.8303012
7564,.31785035
7565,-.54197836
7566,.49119152
7567,.27836876
7568,.05647767
7569,-1.6220008
7570,.03779488
7572,
7573,
7578,.53949306
7581,-.20741378
7583,
7585,-.77786441
7589,.44288998
7594,1.1191115
7595,.22293837
7596,-1.2226051
7597,-.06187606
7599,-1.5164387
7600,-.14868263
7602,-1.3106209
7604,.22293837
7607,-.58328703
7615,.73269921
7620,
7621,1.2082073
7624,
7627,-2.3476462
7629,
7630,-2.4552023
7631,-2.1388817
7638,
7640,
7641,-.71634695
7642,.92590537
7643,.24968383
7645,-1.1224566
7648,-2.1388817
7649,-1.9705357
7651,1.2082073
7656,-.28575195
7658,
7660,-.26622121
7661,-2.3476462
7663,
7664,
7667,1.1674131
7669,
7670,
7672,
7673,
7674,
7675,-1.3106209
7676,-.20741378
7677,-1.9705357
7678,-1.0389426
7680,
7691,
7693,-.6825924
7696,
7699,
7700,
7703,
7704,-1.2226051
7706,.87760383
7710,-1.6220008
7712,
7714,
7718,
7721,
7722,.03779488
7723,.76143574
7725,
7726,
7727,-1.6220008
7729,-2.1388817
7731,.5877946
7733,-1.8303012
7735,-1.3106209
7737,-2.1388817
7739,-1.6220008
7742,-2.1388817
7744,-1.5164387
7745,.49119152
7746,-.36681158
7747,-2.1388817
7748,-.54197836
7749,-1.7041223
7750,-2.4552023
7751,-1.4470625
7752,-.71634695
7753,
7755,
7757,-1.0389426
7759,-1.0061562
7760,-.40334213
7761,-.10050233
7763,-2.1388817
7768,.05647767
7771,.49119152
7772,-.14868263
7775,
7776,
7778,
7779,.49119152
7783,-.45456854
7784,-.85335031
7785,
7786,
7788,
7789,
7790,.67382176
7791,
7796,-1.8303012
7797,-1.3731052
7799,.78100075
7800,.39458844
7802,-.77786441
7803,.31785035
7805,-.01980347
7806,.70894165
7807,-.6825924
7808,
7810,-1.4470625
7812,
7818,-1.4470625
7820,-.85335031
7821,-.01980347
7822,-1.0061562
7825,1.0225084
7827,
7831,-1.4470625
7832,-.62690589
7833,
7834,-.77786441
7835,-1.4470625
7838,
7839,-1.3731052
7845,.3462869
7847,-1.8303012
7848,-1.6220008
7849,.63609614
7850,.49119152
7854,.85323048
7855,.82930229
7859,-.01980347
7860,
7861,.63609614
7862,-.62690589
7864,
7865,.15308075
7866,-1.9705357
7867,
7869,-2.3476462
7875,-.45456854
7876,-1.9705357
7879,
7881,-1.2226051
7882,
7883,-1.5164387
7884,-1.3731052
7885,-2.3476462
7889,-1.7041223
7890,-1.6220008
7891,-1.9705357
7893,-2.1388817
7894,-2.4552023
7897,
7898,.05647767
7900,-1.5164387
7902,-1.6220008
7905,-1.9705357
7910,-2.1388817
7912,-.45456854
7913,
7914,
7915,.80795553
7916,
7917,
7919,-2.4552023
7921,
7928,-2.4552023
7929,-.50787115
7930,-1.2226051
7933,-.85335031
7934,-.62690589
7935,-1.2226051
7936,1.4572223
7940,
7943,
7944,
7948,.38330646
7949,
7952,.63609614
7953,-2.4552023
7955,-1.6220008
7956,-.71634695
7963,-.89808134
7965,.27836876
7967,.10477921
7968,-.85335031
7969,
7970,
7971,
7972,-.6825924
7973,.27836876
7974,
7975,
7981,.39458844
7982,
7983,-2.4552023
7984,-2.1388817
7988,-.01980347
7990,
7991,
7993,-1.5164387
7994,-1.0389426
7997,.00817613
7998,-2.3476462
8001,-.6825924
8002,
8003,-1.1224566
8004,-.36681158
8005,
8015,
8016,-1.1224566
8025,.5877946
8026,-1.9705357
8028,-1.1224566
8029,-2.3476462
8031,-1.2226051
8032,.73269921
8034,1.0377976
8035,
8036,
8038,.49119152
8040,
8041,
8042,-.89808134
8043,
8045,
8046,-1.6220008
8047,-1.3106209
8049,
8050,-1.3106209
8051,.3462869
8052,
8053,-.89808134
8055,-.28575195
8057,-1.3731052
8058,
8059,.03779488
8062,-1.9705357
8063,
8065,
8071,-.13672848
8072,-.06187606
8073,-1.0061562
8076,
8077,.49119152
8078,.38330646
8087,.92590537
8088,-.6825924
8090,-1.0061562
8094,
8099,-1.3731052
8100,
8101,-1.3731052
8102,.27836876
8104,
8105,-.28575195
8108,.82930229
8109,-.85335031
8110,-1.8303012
8124,-1.4470625
8126,
8129,-.45456854
8130,-.20741378
8132,-1.0061562
8135,-1.5164387
8136,-.54197836
8137,-.94509014
8138,-.89808134
8142,-1.1224566
8145,-2.1388817
8148,.68439767
8149,.73269921
8150,-1.4470625
8151,-.13672848
8152,.82930229
8153,-.50787115
8154,-.01980347
8156,-.94509014
8157,-.62690589
8158,-2.1388817
8159,
8160,-.58328703
8161,.05647767
8162,-1.4470625
8164,-1.0061562
8165,-1.3106209
8166,-.71634695
8168,.44288998
8169,-.6825924
8171,-.89808134
8172,.53949306
8173,
8174,-2.1388817
8177,.00817613
8179,1.0929841
8180,1.2731619
8181,.44288998
8186,.60597695
8187,-.45456854
8190,.97047831
8191,.53949306
8192,
8193,
8194,1.2212511
8196,
8197,.68439767
8198,.3462869
8199,-1.2226051
8200,.60597695
8206,-2.1388817
8209,-1.0061562
8213,-.85335031
8214,1.2082073
8216,-.45456854
8220,-1.4470625
8221,
8222,-.50787115
8223,1.3224864
8224,.78100075
8227,-.54197836
8228,.22293837
8229,-.6825924
8231,
8234,-.85335031
8236,-1.3731052
8238,.31785035
8241,.22293837
8243,-1.4470625
8246,
8247,-2.3476462
8250,.97420691
8252,-1.0389426
8253,-.20741378
8260,.44288998
8261,.60597695
8262,-2.3476462
8263,
8266,.03779488
8267,-1.4470625
8268,-2.4552023
8269,-2.3476462
8270,-1.8303012
8274,
8275,-.13672848
8278,-.54197836
8279,-.58328703
8280,.20138229
8282,.22293837
8284,1.3123177
8285,1.3123177
8287,-.85335031
8291,-2.4552023
8294,.22293837
8295,
8298,-1.9705357
8302,
8305,
8306,-.13672848
8310,-.71634695
8312,-.26622121
8313,-.62690589
8316,-1.9705357
8317,-1.0061562
8321,-.45456854
8322,
8324,.03779488
8326,-.01980347
8328,
8330,.22293837
8332,-.77786441
8333,-1.0389426
8338,.3462869
8339,.31785035
8340,-1.7041223
8344,.3462869
8346,-.10050233
8347,.00817613
8348,-1.8303012
8349,.22293837
8350,-.62690589
8352,-2.3476462
8353,-1.7041223
8354,1.07081
8355,-1.2226051
8359,-.77786441
8360,-1.3106209
8361,.22293837
8371,.15308075
8375,
8376,.38330646
8379,.05647767
8380,
8381,
8383,.03779488
8384,-.58328703
8387,-1.5164387
8388,-1.9705357
8389,-2.4552023
8395,.53949306
8398,-.58328703
8399,-.50787115
8404,-.94509014
8407,
8409,
8410,-1.7041223
8412,
8416,-.40334213
8417,-2.1388817
8419,-2.3476462
8420,-1.2226051
8421,-1.8303012
8423,.03779488
8425,-2.3476462
8426,-1.2226051
8428,-.13672848
8429,-.36681158
8430,
8432,.53949306
8433,.82930229
8434,-.06187606
8436,
8437,
8441,-1.7041223
8442,
8443,
8445,
8446,-1.1224566
8447,-.40334213
8448,
8449,-2.1388817
8452,-1.8303012
8453,.99526586
8454,-1.3106209
8455,-.10050233
8457,-.71634695
8460,-.71634695
8462,.63609614
8463,-1.9705357
8464,-1.8303012
8465,
8466,
8473,-1.6220008
8474,-.50787115
8475,.42525597
8477,-2.4552023
8481,1.1191115
8482,-1.8303012
8483,-1.7041223
8484,
8485,
8486,
8487,-.01980347
8488,
8489,-1.2226051
8500,.92590537
8501,1.1674131
8503,-.13672848
8504,-.26622121
8507,-1.7041223
8511,
8514,-1.2226051
8516,
8517,
8518,
8519,-.10050233
8521,.3462869
8523,-.77786441
8527,-2.3476462
8528,-.94509014
8529,.68439767
8530,-.71634695
8533,-1.9705357
8536,-1.0389426
8537,-.94509014
8538,-1.8303012
8539,
8541,
8542,-.36681158
8543,-.85335031
8544,1.3606192
8547,
8548,-1.6220008
8550,-.62690589
8551,.5877946
8553,-.50787115
8554,
8557,-.14868263
8558,
8559,-.36681158
8560,-.77786441
8563,-.77786441
8565,.97420691
8566,-.06187606
8567,-.28575195
8568,-.50787115
8570,.80795553
8571,-1.8303012
8572,
8574,-.94509014
8576,
8581,
8585,.53949306
8587,-1.2226051
8591,-.06187606
8592,-.28575195
8593,-.62690589
8594,
8595,
8597,.49119152
8598,-1.3106209
8599,-1.1224566
8602,-.40334213
8604,-2.3476462
8605,-1.9705357
8606,.31785035
8607,.50170736
8612,-.36681158
8613,
8614,.92590537
8615,
8617,-2.4552023
8618,.3462869
8619,.22293837
8621,
8623,-.10050233
8625,
8631,-1.2226051
8635,
8636,
8637,
8639,-1.3731052
8642,-.71634695
8643,-.62690589
8647,-.58328703
8654,
8655,
8656,-2.3476462
8657,-1.3731052
8658,
8660,-1.3106209
8662,
8665,-1.3731052
8666,
8667,-1.1224566
8674,-1.5164387
8675,.24968383
8676,.38330646
8677,.15308075
8683,-1.2226051
8684,.92590537
8686,
8690,.87760383
8691,.31785035
8692,-1.8303012
8694,-1.3731052
8702,
8704,
8706,.3462869
8707,.70894165
8708,-.77786441
8709,.92590537
8710,1.07081
8714,-.10050233
8718,-1.7041223
8719,-1.7041223
8721,-.06187606
8724,-.13672848
8734,
8736,
8738,
8739,.15308075
8741,
8742,
8746,-1.4470625
8747,-1.2226051
8750,.78100075
8753,-.20741378
8754,-1.6220008
8755,-2.1388817
8756,.38330646
8757,-.10050233
8758,-1.4470625
8759,-.01980347
8760,.89199162
8761,-2.3476462
8763,.60597695
8764,1.2082073
8770,-.77786441
8771,-1.7041223
8772,-.26622121
8773,.85323048
8776,-1.3731052
8777,
8779,
8783,
8786,-.50787115
8788,-.6825924
8789,.10477921
8794,-.94509014
8795,1.0225084
8798,-.58328703
8799,-.45456854
8800,-.58328703
8801,-.40334213
8802,
8803,-.77786441
8804,-.50787115
8807,-.10050233
8811,-.20741378
8816,.68439767
8817,
8819,
8820,
8823,-2.3476462
8824,-.06187606
8825,-1.3106209
8828,
8833,
8834,
8835,.82930229
8836,.49119152
8838,.3462869
8839,-1.6220008
8841,.03779488
8842,-1.3106209
8843,-1.9705357
8846,.49119152
8847,.00817613
8849,-.54197836
8852,-1.5164387
8854,
8855,-.89808134
8857,
8858,
8862,-1.0061562
8864,-1.3106209
8868,-1.0389426
8869,
8872,
8877,1.1674131
8878,.53949306
8879,.20138229
8880,
8885,-1.2226051
8886,-1.4470625
8890,
8892,-.50787115
8893,.82930229
8895,-1.6220008
8900,.80795553
8901,-.54197836
8903,.53949306
8907,-1.3106209
8908,-.94509014
8909,.00817613
8910,-1.0061562
8911,-.89808134
8913,
8914,-.62690589
8918,.92590537
8921,.03779488
8928,.44288998
8930,
8932,-.26622121
8933,.53949306
8934,-.50787115
8939,-1.9705357
8940,-.71634695
8942,-1.9705357
8943,-1.1224566
8945,
8948,-1.1224566
8949,1.0929841
8952,-1.8303012
8955,-1.0389426
8956,.10477921
8957,.63609614
8958,
8959,
8960,.03779488
8963,-1.1224566
8965,
8967,
8970,-1.6220008
8971,-.58328703
8977,
8978,.97420691
8979,.67382176
8982,.92590537
8983,.5877946
8984,-.71634695
8985,.53949306
8986,1.0929841
8990,-2.4552023
8992,1.0929841
8995,-2.3476462
8996,-1.3731052
8999,.39458844
9000,-1.1224566
9005,-.01980347
9006,-.13672848
9007,
9009,.5877946
9010,.60597695
9013,
9017,.67382176
9019,-.71634695
9020,1.3824543
9021,-.13672848
