ID,asvabMathNotNO_std
2,.24183904
5,
7,-1.8895781
9,
10,
12,
13,1.1865527
14,
16,.3511129
18,-.85181419
19,-1.3575005
20,-.69557801
21,-1.1788685
22,-.94573247
24,-1.5452461
26,-.85181419
27,-1.0438545
30,.29391777
31,1.4738582
35,-.01855458
39,-1.4293992
42,.61334854
44,.03352414
46,
51,.03352414
52,-.34185336
57,
58,-.82747023
60,-1.6468932
62,.65846884
64,.03352414
65,-.34185336
66,
67,
68,
70,.45793564
71,
73,
74,
75,-.85181419
76,.39807522
79,-1.1158243
80,-.58170149
82,.60639012
83,-1.0438545
85,.58428312
87,1.4290514
88,-1.239251
89,.85122553
90,
92,-1.8895781
93,-1.3575005
95,-.43518439
96,
97,.79779072
98,.40802672
99,
105,.7626263
106,-.43518439
108,.54012158
113,.88955309
116,
117,
118,
119,-.4841997
120,
121,.79779072
122,.19871373
123,
124,
126,.54012158
131,1.8042008
132,1.3814696
133,1.7521221
134,
135,1.7521221
138,.61334854
140,.50223267
143,1.288164
144,.65846884
145,-.01855458
146,-.58170149
150,-.98673763
152,-1.1158243
154,1.8135325
155,1.8700653
156,1.6213015
158,1.288164
161,-1.239251
163,
165,.40802672
167,
168,.03352414
172,1.960437
174,
176,1.7521221
180,1.9306429
184,.7626263
185,-.82747023
187,1.4396497
190,1.1107724
191,1.1107724
195,.61334854
196,
199,.65846884
200,
202,.16917112
206,
209,
210,
212,.73625596
215,
218,
219,.79779072
220,1.4396497
222,.61334854
223,.9709412
225,-.42114595
228,-.12271203
230,.16917112
231,
232,-.4841997
233,
237,.13768159
239,
242,.61334854
244,-2.0275093
246,1.7105662
247,1.7105662
249,.58428312
250,-.82747023
251,.45793564
254,.65846884
256,
257,
258,.65846884
259,.45793564
260,-.43518439
261,-.79455469
262,-1.0438545
263,-.34185336
264,.29391777
265,-.98673763
268,-.33102694
275,
277,
278,.73625596
279,
280,
281,.85122553
282,-.85181419
283,.85122553
285,-.13804894
287,-.33102694
294,.16917112
297,-.90389291
299,-.33102694
304,.61334854
308,-.27894821
311,.71054757
314,1.960437
316,1.1107724
318,-.69557801
321,.29391777
323,1.288164
324,
325,-.69557801
328,.9709412
329,-.01855458
330,-.82747023
332,1.4290514
336,.88955309
337,1.7105662
340,-.33102694
341,1.288164
342,
343,
344,
345,
346,-.18675712
347,
348,
349,
350,
357,
358,
360,
361,
367,.39807522
369,-1.6468932
370,
372,-.17479076
375,1.7105662
376,
378,
380,-.58170149
381,
384,
385,-1.6468932
386,.54012158
391,
392,1.7105662
393,-.90389291
394,.61334854
395,
396,.39807522
397,
398,
399,1.1865527
401,.65846884
404,-.69557801
405,1.4738582
408,-.27894821
410,-.94573247
412,-.69557801
413,
418,
419,1.8042008
420,
421,
422,
427,-1.0438545
429,-.645625
430,
432,-.34185336
434,-.18675712
438,-.74765674
440,-.22686948
441,-1.6468932
443,
445,
446,
451,
454,.45793564
455,
456,.45015394
457,
458,
463,
466,-1.4843717
471,-.82747023
475,-1.1158243
476,
481,
482,-1.6468932
483,1.5958859
485,
487,-1.4843717
490,1.7521221
491,.16917112
493,
495,
496,
500,.13768159
501,-1.0601291
502,.71054757
503,-.17479076
505,.24183904
506,.50223267
508,-1.239251
510,
511,-.42114595
513,
516,-1.1158243
517,
520,
521,
522,-1.0438545
524,.3511129
525,
526,
527,1.5958859
536,-.33102694
537,-1.6468932
539,
543,1.1455463
544,1.8700653
545,-.4841997
546,1.8700653
547,1.8135325
549,
550,1.8700653
551,1.1455463
552,1.0618378
553,-.34185336
554,-.34185336
555,1.1107724
558,
561,.58428312
563,-1.4843717
564,1.3814696
565,1.288164
567,.16917112
568,-.05588286
569,-.34185336
571,-1.5452461
572,.9709412
575,
576,-.22686948
577,.39807522
578,-.13804894
580,-.51128404
581,.61334854
586,-.33102694
588,-1.7426124
589,-1.1158243
590,1.9306429
598,-.27894821
600,-.79455469
603,-1.0601291
606,.65846884
608,.28024726
611,1.0618378
612,1.4396497
613,.88955309
616,1.5958859
618,.50223267
619,-.79455469
620,
621,
623,
625,
627,1.5958859
628,.81470502
630,1.3814696
631,1.5958859
636,
638,1.8700653
640,.13768159
642,.85122553
643,.93751231
644,
645,
646,
647,-.42114595
648,-.42114595
649,1.2463864
653,1.4396497
656,
657,
659,.9709412
661,-.94573247
662,-1.8895781
663,
664,-.07063331
665,
669,.7626263
670,
671,
673,.45793564
678,
680,.39807522
683,-.74765674
685,-1.0438545
687,-.43518439
688,-.79455469
690,
691,
692,
694,.45793564
695,
696,
697,
699,
701,-2.0275093
702,
706,-.01855458
711,.39807522
712,-.69557801
714,
716,-.05588286
717,-1.4293992
718,
719,.88955309
720,.61334854
722,1.6213015
723,-.17479076
724,1.8700653
726,1.8135325
729,.79779072
731,1.8700653
737,.9709412
738,1.3814696
743,1.8135325
744,1.4396497
745,1.7105662
746,1.8042008
747,
750,-1.4843717
752,-1.5452461
753,
754,.7626263
758,1.8700653
759,1.4396497
761,-.53934184
763,1.7521221
764,-1.0601291
765,.24183904
766,.13768159
768,-.85181419
773,-.17479076
775,
776,
779,
780,
781,
783,
784,
785,.39807522
786,
787,
788,1.4290514
789,-.27894821
790,
792,
793,
794,1.3354923
798,1.9306429
799,
800,1.4396497
803,
804,
805,.65846884
806,-.94573247
808,.08560287
810,-.13804894
817,-.82747023
819,-.13804894
820,-.74765674
823,
826,
827,1.288164
830,
831,.93751231
834,
836,
837,-.58170149
842,.13768159
843,.60639012
845,1.3814696
847,.45015394
852,-.05588286
856,-.27894821
859,-.98673763
860,.7626263
861,.04158635
865,1.8042008
866,
867,
870,-.34185336
872,.24183904
874,-1.4293992
877,
882,
884,-.07063331
885,-.645625
886,1.2463864
889,
890,-.07063331
891,-.51128404
893,-.38310566
894,.13768159
895,-.27894821
898,1.4738582
900,-.69557801
903,-1.0438545
909,-1.5452461
911,-.85181419
914,-.43518439
917,
918,1.8700653
921,
926,
927,
929,1.8135325
936,-.69557801
937,.65846884
938,.50223267
940,1.8700653
942,.88955309
943,.28024726
946,.93751231
953,.08560287
956,.73625596
957,1.4738582
958,.40802672
959,-1.0601291
960,.03352414
962,.32974057
963,1.960437
968,
970,.93751231
972,1.7521221
973,1.6213015
974,1.9306429
975,.13590633
976,-.58170149
977,-.58170149
978,1.960437
980,1.1107724
981,-1.3575005
982,1.4290514
987,.65846884
990,.65846884
991,
994,.85122553
997,1.288164
998,-1.0438545
999,-.18675712
1000,-1.3575005
1001,-.05588286
1002,-.27894821
1004,.03352414
1005,-.42114595
1006,-1.3575005
1007,-.33102694
1009,1.5701553
1011,1.8135325
1012,1.3354923
1013,.73625596
1014,.61334854
1015,1.1455463
1016,.88955309
1018,1.0139247
1019,1.7105662
1020,-.69557801
1025,.73625596
1026,.28024726
1027,-1.1788685
1028,1.1455463
1030,.45015394
1031,-.53934184
1032,-.53934184
1034,-.98673763
1036,
1037,-1.8895781
1038,
1041,-1.8895781
1044,-1.239251
1046,-1.5452461
1049,-.69557801
1051,-1.5452461
1053,.08560287
1058,
1059,
1062,-1.0956694
1063,-.69557801
1065,-.94573247
1068,-.07063331
1069,
1071,.79779072
1072,
1074,1.4290514
1078,-.53934184
1079,
1081,1.8042008
1085,-.69557801
1086,1.9306429
1089,1.4290514
1090,1.3814696
1093,-.51128404
1094,-.51128404
1095,.45793564
1097,-1.1788685
1106,
1108,-.27894821
1110,
1111,
1112,
1113,1.7521221
1115,.45015394
1117,.16917112
1122,1.7105662
1124,-.13804894
1125,
1126,1.2463864
1129,1.8135325
1130,.61334854
1131,-.13804894
1135,.79779072
1136,
1137,
1140,1.8042008
1141,
1142,.39807522
1147,
1150,.28024726
1155,.28024726
1157,.19871373
1158,
1159,
1161,-1.4843717
1162,1.2463864
1163,.88955309
1164,1.0139247
1167,.81470502
1168,.08560287
1170,1.7521221
1171,1.0139247
1172,
1174,
1176,-1.0956694
1178,1.8042008
1179,.61334854
1180,.45793564
1183,.60639012
1184,-.05588286
1185,1.4738582
1186,1.8700653
1189,1.2463864
1191,.9709412
1192,-.43518439
1193,1.5701553
1195,
1196,
1198,-1.8895781
1199,1.4290514
1201,-1.2799371
1202,.08560287
1204,-1.5452461
1207,
1208,-.27894821
1210,-1.239251
1211,-.43518439
1213,-1.239251
1214,-1.8895781
1215,
1217,-.58170149
1218,-1.0438545
1219,-1.0956694
1221,
1222,-1.0956694
1224,
1226,.28024726
1228,.24183904
1230,1.0618378
1231,1.4738582
1232,-.33102694
1233,.65846884
1234,1.4290514
1235,1.8042008
1236,
1237,-.13804894
1239,1.7521221
1240,-.01855458
1244,
1247,1.960437
1250,1.1107724
1251,1.8700653
1252,.65846884
1255,
1259,-.79455469
1260,
1261,-1.239251
1262,-.82747023
1263,
1264,-.01855458
1267,1.9306429
1270,.3511129
1272,
1273,-.07063331
1277,.28024726
1278,1.4396497
1279,1.1107724
1280,.19871373
1281,1.4290514
1283,.79779072
1284,
1286,1.1455463
1287,.13768159
1288,1.6213015
1289,
1291,
1293,.58428312
1294,.65846884
1297,.24183904
1298,-1.3575005
1299,-.38310566
1300,1.4396497
1301,.16917112
1304,1.3814696
1305,1.4290514
1310,
1318,-1.8895781
1320,-.4841997
1321,-.90389291
1323,1.4738582
1326,-.4841997
1332,1.3354923
1335,1.7105662
1336,1.7521221
1339,1.3814696
1341,.81470502
1342,.54012158
1343,
1346,
1348,.61334854
1349,-.51128404
1351,-1.0601291
1352,-1.4843717
1353,-1.1158243
1359,
1360,1.9306429
1361,1.8135325
1363,
1364,-.43518439
1365,
1366,
1367,1.5701553
1371,1.8042008
1373,1.4738582
1374,
1376,
1377,-1.7426124
1378,-.4841997
1381,
1382,.61334854
1383,
1390,.03352414
1394,-.53934184
1395,-1.239251
1396,-1.7426124
1397,-.79455469
1400,-.27894821
1401,-.01855458
1402,
1404,-.34185336
1405,
1406,.65846884
1407,.39807522
1408,
1409,
1417,
1418,-.05588286
1421,1.9306429
1425,-1.0956694
1426,-1.3575005
1431,.13768159
1434,
1435,-.85181419
1439,-1.1158243
1441,.19871373
1443,-.17479076
1446,-.13804894
1447,1.8700653
1449,.13768159
1452,.3511129
1455,1.5958859
1456,.7626263
1457,1.8042008
1458,
1460,1.8135325
1461,
1463,1.5958859
1465,.24183904
1468,.08560287
1469,-1.1788685
1471,-.90389291
1473,1.1107724
1474,
1478,-.42114595
1481,.28024726
1482,
1483,
1484,-.42114595
1485,.3511129
1486,.93751231
1488,1.0139247
1491,1.7521221
1493,1.8135325
1503,.7626263
1505,-.22686948
1507,
1508,
1510,-.22686948
1514,-.4841997
1515,-.13804894
1518,1.8042008
1519,1.960437
1520,-.85181419
1522,1.7521221
1525,-.85181419
1529,
1530,.39807522
1532,-.01855458
1535,-.38310566
1536,
1538,
1545,1.4290514
1547,.24183904
1548,.71054757
1549,1.5958859
1552,1.1107724
1553,
1554,
1555,
1556,.58428312
1558,
1559,-.43518439
1560,.3511129
1561,
1562,-.94573247
1563,-.90389291
1564,
1569,
1570,1.3814696
1572,.79779072
1573,1.2463864
1578,.88955309
1579,
1580,-1.1158243
1581,
1583,
1586,-1.6468932
1589,.45015394
1591,
1596,-1.1788685
1597,
1607,
1609,
1613,
1615,
1617,
1618,1.1455463
1619,1.7105662
1620,1.0139247
1621,
1623,1.9306429
1625,
1626,
1627,.73625596
1628,1.7521221
1631,
1632,.32974057
1635,
1636,
1637,.85122553
1638,.61334854
1640,.61334854
1643,.58428312
1645,.45793564
1646,.13590633
1648,1.0139247
1649,-.01855458
1650,
1652,1.9306429
1653,
1654,1.2463864
1655,
1656,
1659,-.645625
1661,
1662,
1664,.24183904
1665,.85122553
1666,.04158635
1667,.16917112
1668,.13768159
1675,.79779072
1676,.08560287
1678,1.0618378
1681,1.4396497
1683,1.3814696
1685,
1687,
1688,
1692,1.3814696
1693,-.17479076
1694,1.7521221
1695,1.7521221
1696,-.05588286
1699,
1700,-.79455469
1701,-.13804894
1702,-1.239251
1704,.3511129
1707,
1708,
1710,.40802672
1711,.45015394
1714,
1715,-1.4843717
1720,-1.1788685
1721,
1722,
1724,
1725,
1726,
1727,
1729,
1732,
1734,-1.1788685
1735,1.1455463
1737,-.43518439
1738,.93751231
1740,
1741,
1744,.03352414
1746,-1.1788685
1748,.24183904
1753,.7626263
1755,1.8135325
1757,.60639012
1758,-.05588286
1759,
1762,
1763,
1764,
1765,.29391777
1766,-.18675712
1767,
1768,-.85181419
1770,-.17479076
1771,
1775,
1777,-1.4293992
1778,.71054757
1779,-.69557801
1787,-1.3575005
1788,-1.0438545
1790,-1.5452461
1791,-.33102694
1794,-1.4843717
1795,
1797,.65846884
1799,1.7521221
1802,-.645625
1803,
1805,.7626263
1807,1.2463864
1808,
1809,1.4738582
1810,1.8135325
1811,-.27894821
1813,-.4841997
1815,.24183904
1816,-.645625
1817,.85122553
1819,-.05588286
1820,1.5958859
1823,.04158635
1825,1.1455463
1826,.85122553
1827,-.645625
1828,1.3814696
1830,.9709412
1831,-1.0956694
1832,
1834,-.94573247
1836,1.9306429
1838,1.5958859
1842,-1.6468932
1843,
1845,-.33102694
1847,1.5958859
1849,.13590633
1851,-.18675712
1852,
1853,1.3814696
1854,-.79455469
1857,1.6213015
1859,.28024726
1861,1.9306429
1867,-.82747023
1868,-1.1788685
1869,.81470502
1871,-1.6468932
1872,-1.1788685
1873,.39807522
1878,
1879,-1.0438545
1881,
1882,1.0139247
1885,
1886,.13590633
1887,.3511129
1888,.88955309
1890,.3511129
1891,-.53934184
1892,-.58170149
1895,-.74765674
1896,1.0139247
1902,-.90389291
1904,.9709412
1905,.7626263
1907,-1.0438545
1910,-.58170149
1911,-.22686948
1914,1.0618378
1915,
1918,1.3814696
1919,.79779072
1920,-1.5452461
1922,.60639012
1925,-.38310566
1927,
1929,.13768159
1931,
1933,1.8700653
1935,-1.6468932
1936,-1.0438545
1937,1.0139247
1938,-.645625
1943,1.0618378
1944,-.27894821
1945,
1948,
1949,-.94573247
1951,
1952,-1.4843717
1955,-.94573247
1957,-.27894821
1958,-1.0956694
1960,
1961,
1963,-.07063331
1965,.58428312
1966,-.645625
1967,-.79455469
1968,-1.3575005
1970,1.5958859
1973,.04158635
1974,.45015394
1975,1.3354923
1976,-.42114595
1979,.04158635
1981,
1982,1.1455463
1985,1.4738582
1990,.93751231
1993,
1994,1.8135325
1996,1.0139247
1999,-.07063331
2000,-1.2799371
2003,-.17479076
2005,
2006,1.8700653
2009,-1.3575005
2010,.03352414
2013,-.90389291
2014,
2018,-.645625
2019,-1.8895781
2024,-1.2799371
2029,.16917112
2030,.81470502
2032,-1.4293992
2035,.73625596
2037,-.79455469
2041,.71054757
2042,1.4738582
2043,1.1107724
2045,
2046,-.58170149
2047,-.98673763
2048,1.9306429
2049,-.18675712
2050,.85122553
2051,1.7521221
2054,-.07063331
2057,.9709412
2058,1.4396497
2060,.16917112
2062,1.960437
2064,
2065,-.53934184
2068,1.288164
2070,1.3814696
2071,.9709412
2072,1.9306429
2073,.71054757
2074,.04158635
2076,1.288164
2081,1.7105662
2082,-.94573247
2086,1.9306429
2087,
2088,.71054757
2089,.85122553
2092,1.7521221
2093,-1.5452461
2095,-.18675712
2096,.81470502
2099,-.18675712
2100,-1.1788685
2108,-1.0601291
2110,
2111,-.645625
2113,.24183904
2114,
2116,
2118,-.94573247
2119,-.38310566
2120,.65846884
2121,-.27894821
2122,-.53934184
2123,.85122553
2128,-.90389291
2129,1.288164
2130,1.7105662
2131,.29391777
2134,-.74765674
2136,.60639012
2137,-.12271203
2138,.45793564
2139,
2141,-.27894821
2144,-.38310566
2145,
2147,1.4290514
2149,
2150,-.94573247
2151,.79779072
2154,-1.239251
2158,-1.7426124
2159,-.98673763
2161,
2162,1.8135325
2164,1.1455463
2165,-.01855458
2166,-1.4293992
2167,.7626263
2168,1.4396497
2172,-.69557801
2173,.39807522
2175,
2178,-1.5452461
2181,
2182,1.5958859
2183,1.8042008
2185,-.01855458
2186,
2187,1.4290514
2188,.65846884
2189,.28024726
2190,1.2463864
2193,1.8700653
2197,-.42114595
2199,.24183904
2200,1.4396497
2205,1.7521221
2206,1.4396497
2207,-.12271203
2208,1.8042008
2209,.81470502
2210,1.6213015
2211,.7626263
2212,1.2463864
2213,.93751231
2214,-1.1788685
2215,1.1107724
2218,-.82747023
2220,
2221,.50223267
2224,
2225,-.27894821
2226,1.4738582
2227,-1.4843717
2228,
2229,-.90389291
2230,-.13804894
2233,.45793564
2234,.39807522
2235,-.17479076
2237,-.42114595
2238,-1.3575005
2241,-.18675712
2242,-1.0438545
2246,
2250,1.1455463
2251,-.18675712
2252,1.9306429
2253,1.7105662
2254,-.22686948
2255,.39807522
2256,.32974057
2257,.60639012
2261,-.38310566
2262,.24183904
2264,-1.4293992
2266,.81470502
2267,.13768159
2269,.79779072
2272,.73625596
2273,.3511129
2274,
2275,1.1107724
2276,
2278,.13590633
2279,.13768159
2281,
2282,
2285,-.90389291
2288,
2289,1.3814696
2290,1.2463864
2291,.93751231
2292,.39807522
2294,
2295,-.34185336
2296,.65846884
2297,-.98673763
2300,-.01855458
2301,-.645625
2302,-.01855458
2303,-.85181419
2305,1.7105662
2306,.13590633
2308,1.3354923
2309,1.4396497
2310,.13768159
2312,.28024726
2313,1.960437
2314,-.645625
2315,-.90389291
2316,-.4841997
2319,.71054757
2325,.39807522
2326,-.33102694
2327,-.51128404
2328,1.960437
2329,1.7105662
2330,1.8700653
2331,1.1455463
2333,.45015394
2338,1.4396497
2341,.79779072
2342,1.8700653
2346,1.5958859
2349,.28024726
2350,1.7521221
2352,1.3354923
2355,
2357,
2358,
2360,-.17479076
2361,
2362,.19871373
2363,.93751231
2365,-1.7426124
2367,.08560287
2369,-.22686948
2370,
2371,.50223267
2372,-.05588286
2373,.9709412
2374,.39807522
2375,1.288164
2376,1.8135325
2377,1.960437
2379,-.33102694
2381,-.22686948
2382,1.5701553
2383,1.3814696
2384,.85122553
2385,.24183904
2387,
2388,
2389,
2393,.32974057
2394,1.4396497
2395,1.5701553
2397,.58428312
2398,-.53934184
2402,-.69557801
2404,-.58170149
2407,.79779072
2408,-.01855458
2409,-.4841997
2410,-.74765674
2411,-.645625
2414,.71054757
2417,
2418,-.42114595
2419,-.98673763
2421,-.42114595
2422,1.4290514
2423,1.288164
2425,1.2463864
2428,
2429,
2431,.93751231
2434,1.5701553
2436,-.18675712
2439,1.6213015
2441,-.43518439
2442,-.85181419
2447,-.69557801
2449,
2451,
2453,
2455,-1.6468932
2458,1.4396497
2459,1.5958859
2460,1.8135325
2461,1.8700653
2463,.50223267
2466,1.5958859
2467,
2468,1.5958859
2469,
2470,1.7105662
2477,1.2463864
2479,1.0618378
2480,1.960437
2481,.29391777
2483,1.4738582
2484,-1.1158243
2485,1.2463864
2487,.40802672
2490,
2492,1.3354923
2496,1.4396497
2497,.85122553
2498,
2499,
2500,-1.4293992
2503,1.0139247
2506,-1.239251
2507,-.4841997
2508,.93751231
2511,
2513,.7626263
2514,1.7105662
2515,1.7105662
2516,
2517,
2519,
2520,-.98673763
2522,1.7521221
2523,1.0618378
2524,.54012158
2525,.19871373
2526,1.3814696
2527,1.8135325
2530,.19871373
2533,
2534,
2535,-1.6468932
2536,.81470502
2537,
2541,
2542,.08560287
2545,-1.0956694
2546,
2548,
2552,1.288164
2558,1.4396497
2560,-.13804894
2562,1.288164
2563,-.07063331
2564,.71054757
2566,
2568,-.27894821
2569,.9709412
2573,.29391777
2574,-1.0438545
2575,1.0139247
2576,.40802672
2578,1.5958859
2581,1.7521221
2584,.24183904
2585,
2589,.45015394
2591,.54012158
2593,.65846884
2594,1.4738582
2595,.88955309
2596,.81470502
2597,.61334854
2598,.19871373
2602,-2.0275093
2603,1.0618378
2604,
2605,-.4841997
2606,.58428312
2608,-.27894821
2609,.54012158
2611,1.1865527
2613,.88955309
2614,1.7105662
2615,.65846884
2616,1.960437
2618,1.7105662
2622,-.05588286
2623,-.17479076
2624,1.5958859
2627,-1.5452461
2628,.65846884
2629,-.4841997
2630,-.90389291
2631,-.58170149
2633,
2637,1.8135325
2641,-1.5452461
2643,-.4841997
2644,-.98673763
2648,-1.4843717
2649,-1.6468932
2651,-.58170149
2652,1.4396497
2658,1.1865527
2660,-.4841997
2661,.81470502
2662,.60639012
2665,.24183904
2666,-.43518439
2668,.81470502
2673,.58428312
2676,.7626263
2677,.54012158
2678,.13768159
2682,.61334854
2683,.71054757
2688,.13590633
2689,.32974057
2690,-1.1788685
2692,-.98673763
2693,.39807522
2694,
2695,-1.239251
2696,.19871373
2697,-.94573247
2700,.60639012
2701,.93751231
2702,.39807522
2703,.65846884
2704,-.69557801
2706,-.12271203
2710,1.960437
2711,1.7105662
2713,-1.2799371
2714,1.9306429
2715,-1.2799371
2716,.79779072
2719,-.90389291
2721,-.79455469
2727,.39807522
2728,
2730,1.7521221
2731,1.9306429
2732,.65846884
2733,1.0618378
2735,-1.1158243
2736,-.94573247
2737,.7626263
2738,.88955309
2741,.29391777
2742,.04158635
2743,-.12271203
2747,-.79455469
2752,-.38310566
2753,.03352414
2755,1.3354923
2756,1.288164
2758,.9709412
2759,-1.1158243
2761,.79779072
2762,-.01855458
2765,.93751231
2766,-1.4843717
2773,
2774,
2775,.93751231
2776,.9709412
2778,1.6213015
2779,1.1455463
2786,
2788,1.3814696
2789,
2790,
2791,1.3354923
2794,
2795,
2798,-.43518439
2799,.50223267
2800,-.82747023
2807,1.0618378
2808,
2810,-.53934184
2813,.40802672
2814,-1.8895781
2819,.28024726
2822,
2823,
2825,-2.0275093
2829,.93751231
2830,
2831,
2833,1.0139247
2835,-.13804894
2846,
2850,
2851,.54012158
2854,-.85181419
2857,
2858,.28024726
2860,-1.2799371
2862,.60639012
2863,-.27894821
2866,-.34185336
2867,-1.7426124
2868,
2871,.13590633
2872,.24183904
2873,1.9306429
2874,1.960437
2875,.9709412
2876,1.9306429
2880,.45015394
2881,1.7521221
2882,
2883,.85122553
2884,-.07063331
2886,.28024726
2888,1.7521221
2890,.04158635
2891,-.74765674
2893,
2895,-1.7426124
2896,-.05588286
2897,-.98673763
2898,.7626263
2899,-.69557801
2900,1.0618378
2901,-.34185336
2904,-.69557801
2906,.24183904
2907,.65846884
2908,.60639012
2910,1.9306429
2911,.28024726
2915,.65846884
2916,.16917112
2917,.45793564
2918,1.5701553
2919,.65846884
2920,
2921,-.05588286
2923,-.53934184
2925,-.82747023
2926,.08560287
2930,.32974057
2931,
2938,1.960437
2939,1.6213015
2941,.79779072
2945,1.6213015
2947,-1.1788685
2949,-.82747023
2950,.61334854
2951,.88955309
2954,-.17479076
2955,-1.2799371
2957,1.1455463
2959,-1.8895781
2960,
2963,.13590633
2964,
2965,.65846884
2967,-1.2799371
2968,-.69557801
2969,.61334854
2971,-.82747023
2972,-.51128404
2973,
2975,.65846884
2976,1.1455463
2977,-.01855458
2978,.73625596
2979,1.7521221
2980,.88955309
2981,1.8042008
2983,-.27894821
2984,.16917112
2988,.9709412
2990,.93751231
2992,1.5958859
2993,1.7521221
2994,-1.0956694
2995,1.7105662
2996,-1.4293992
2999,
3001,.3511129
3003,-.13804894
3004,1.960437
3008,-.82747023
3011,
3015,.3511129
3016,.73625596
3019,1.7521221
3020,-.34185336
3024,-.17479076
3027,.9709412
3032,.45793564
3033,-1.8895781
3034,-.34185336
3035,-.94573247
3036,
3038,1.6213015
3042,.65846884
3043,.73625596
3044,
3048,-.43518439
3053,.24183904
3055,.13768159
3056,-.51128404
3057,-.13804894
3058,
3059,1.7105662
3061,-.4841997
3063,-.43518439
3064,.65846884
3065,-1.4293992
3068,.45793564
3069,
3072,.85122553
3074,.81470502
3075,.19871373
3076,1.7105662
3077,.88955309
3080,-1.2799371
3082,.39807522
3084,1.8700653
3088,
3089,.16917112
3090,-.07063331
3091,.45015394
3092,1.1107724
3094,
3095,
3097,-.53934184
3098,-1.4843717
3101,
3102,-1.0956694
3103,-1.4843717
3104,
3106,
3107,-.18675712
3108,-1.8895781
3109,
3110,-.74765674
3111,
3113,.39807522
3114,
3119,
3120,1.4738582
3121,1.3814696
3122,-1.0438545
3127,-.27894821
3128,.16917112
3130,-.34185336
3131,.61334854
3135,-.42114595
3136,.40802672
3137,-.07063331
3138,.61334854
3139,-1.3575005
3141,1.5701553
3142,1.5701553
3143,1.4396497
3145,1.5701553
3146,1.7105662
3147,1.8042008
3149,.45015394
3150,-.38310566
3152,
3154,1.1865527
3156,1.3814696
3157,
3158,
3163,.71054757
3167,1.2463864
3171,1.7521221
3172,-1.3575005
3173,-.51128404
3174,-.05588286
3176,1.1865527
3181,1.4290514
3184,-.01855458
3187,.45015394
3191,-.53934184
3193,.58428312
3194,1.7521221
3197,1.6213015
3198,1.6213015
3201,.13590633
3202,-.79455469
3205,-1.4843717
3207,
3208,
3209,
3212,1.1865527
3215,.24183904
3216,1.5701553
3217,
3219,.29391777
3220,-.01855458
3222,1.6213015
3224,.03352414
3226,-.79455469
3231,1.7105662
3234,-2.0275093
3244,1.8700653
3245,
3246,.61334854
3247,-.38310566
3253,-.69557801
3256,.9709412
3258,.24183904
3259,-.13804894
3260,-1.7426124
3262,
3263,.03352414
3266,.39807522
3269,-1.7426124
3270,.50223267
3271,-.69557801
3273,1.0618378
3274,-.22686948
3275,
3281,.85122553
3283,.45793564
3285,-.98673763
3286,
3287,1.1455463
3289,-1.5452461
3290,-.98673763
3293,.93751231
3294,
3299,-1.8895781
3300,.60639012
3301,
3304,
3305,-.98673763
3309,
3310,.61334854
3311,.13768159
3314,
3315,1.288164
3321,.3511129
3322,.03352414
3325,.24183904
3327,
3328,-1.0601291
3330,
3332,.24183904
3333,-.27894821
3335,-.53934184
3336,
3338,
3340,-1.1158243
3341,1.4738582
3343,-1.0601291
3344,-.98673763
3347,1.6213015
3350,-.38310566
3351,-.27894821
3352,-.51128404
3354,-.27894821
3356,
3359,
3362,
3366,.16917112
3367,-1.3575005
3369,1.8700653
3370,-.27894821
3372,-.05588286
3373,-.645625
3374,1.288164
3378,.32974057
3379,1.4290514
3382,-1.4843717
3384,-1.0956694
3385,-1.0956694
3386,.40802672
3387,-.34185336
3388,.73625596
3389,-.69557801
3390,.29391777
3392,-1.7426124
3394,
3395,
3396,.13768159
3399,-.27894821
3400,-.51128404
3407,-1.0956694
3409,.16917112
3412,
3418,.45015394
3419,.79779072
3421,
3424,-.27894821
3425,-.79455469
3433,
3434,.39807522
3435,1.7105662
3436,-1.0956694
3439,.24183904
3440,-1.7426124
3446,.03352414
3447,-.12271203
3448,1.5958859
3449,-.27894821
3450,-.38310566
3451,-.18675712
3454,1.8135325
3456,1.7105662
3457,1.4738582
3458,1.8700653
3459,-.43518439
3464,.08560287
3465,-.18675712
3466,-.18675712
3467,.60639012
3468,1.8042008
3469,-.85181419
3471,1.1107724
3472,1.5701553
3473,-1.3575005
3474,.39807522
3476,.3511129
3482,.9709412
3485,.19871373
3486,1.6213015
3487,.81470502
3491,
3493,-1.0956694
3495,-.58170149
3496,.61334854
3499,-.12271203
3500,-1.1158243
3502,-.69557801
3505,-1.0956694
3508,-1.6468932
3509,-1.2799371
3511,-.22686948
3513,-1.0438545
3514,
3515,1.5701553
3516,-.27894821
3518,-.645625
3520,.61334854
3523,.50223267
3525,
3528,-.94573247
3530,1.1455463
3533,.3511129
3538,.50223267
3539,.65846884
3543,-1.8895781
3544,1.288164
3545,-.645625
3546,-.42114595
3547,-.33102694
3549,.7626263
3551,-.27894821
3554,.93751231
3556,1.8042008
3557,.61334854
3558,1.8042008
3559,.81470502
3560,.85122553
3563,.61334854
3564,-.58170149
3565,-1.239251
3568,.50223267
3569,.28024726
3570,.04158635
3571,-1.0438545
3572,
3573,-1.5452461
3574,1.8135325
3580,-1.1158243
3582,.61334854
3584,1.0139247
3587,1.7521221
3589,.04158635
3591,-1.2799371
3592,.65846884
3599,1.1107724
3602,-1.1158243
3603,-1.0956694
3605,.73625596
3606,1.3814696
3609,-.4841997
3610,
3616,-.07063331
3618,
3620,-.82747023
3621,
3622,
3623,-.43518439
3625,1.9306429
3626,1.1107724
3629,
3630,-.82747023
3632,.54012158
3635,-1.4293992
3636,-.98673763
3640,.60639012
3642,.45015394
3643,.9709412
3645,1.288164
3646,.13590633
3647,.88955309
3649,-.79455469
3650,
3651,
3652,
3653,-1.239251
3654,
3656,-.79455469
3657,
3658,
3659,
3660,.85122553
3663,1.5958859
3664,-.58170149
3665,-1.1158243
3666,.08560287
3668,
3669,
3671,
3672,
3674,
3675,
3676,
3679,.61334854
3680,
3683,-1.5452461
3684,.88955309
3685,
3686,
3687,-.05588286
3690,-1.1788685
3692,-.79455469
3693,.29391777
3695,-.42114595
3698,
3701,-.85181419
3702,
3706,.79779072
3707,-1.8895781
3709,-1.0438545
3714,1.4396497
3715,-1.8895781
3719,-.98673763
3721,
3723,.61334854
3724,
3725,1.8700653
3728,.50223267
3731,1.5958859
3732,-.69557801
3733,-.645625
3734,-1.1158243
3737,-1.0956694
3738,1.3814696
3743,
3746,.24183904
3749,-.98673763
3750,-1.8895781
3755,-.82747023
3757,
3759,-.82747023
3760,-.90389291
3762,.73625596
3763,-1.1158243
3768,1.5701553
3769,1.4396497
3770,1.8700653
3772,.13590633
3773,.13768159
3777,1.1107724
3780,.16917112
3781,.71054757
3783,-.79455469
3785,-.58170149
3787,1.6213015
3788,-.05588286
3790,-.79455469
3792,-.27894821
3793,-.74765674
3794,
3795,-.90389291
3796,-.69557801
3797,-1.8895781
3800,.61334854
3802,-.27894821
3805,.45793564
3808,-1.5452461
3809,.65846884
3811,-.51128404
3813,
3814,-.51128404
3816,1.3814696
3817,
3826,
3827,-2.0275093
3829,-1.0601291
3831,-1.4843717
3834,
3835,
3836,
3839,.29391777
3840,-1.7426124
3844,-.58170149
3845,-.42114595
3848,.85122553
3849,.03352414
3850,1.8700653
3851,-.51128404
3852,1.5701553
3854,-.05588286
3857,-1.0438545
3858,
3859,-1.2799371
3860,-.18675712
3863,-.53934184
3871,-.98673763
3872,-1.6468932
3876,-1.1158243
3877,
3878,1.3354923
3880,
3881,.04158635
3882,.29391777
3884,.13768159
3886,-1.4843717
3888,-.74765674
3889,
3892,-1.5452461
3893,
3895,1.8700653
3896,1.7105662
3898,
3902,-.74765674
3903,.28024726
3904,-.53934184
3908,-.79455469
3910,
3914,
3915,.04158635
3917,-.82747023
3918,-1.8895781
3921,-1.1158243
3923,-.82747023
3929,-.94573247
3931,
3936,.61334854
3938,1.1455463
3942,
3944,1.8135325
3946,
3947,.08560287
3949,-1.3575005
3950,
3951,-1.1158243
3953,.24183904
3956,1.288164
3957,.88955309
3958,-.18675712
3959,.19871373
3960,.60639012
3961,1.1455463
3962,.61334854
3967,1.6213015
3969,
3974,-.53934184
3980,1.6213015
3981,-.05588286
3986,
3987,.58428312
3988,1.8042008
3991,-.74765674
3993,.40802672
3994,.7626263
3995,-1.8895781
3996,-1.4843717
3997,-.69557801
3998,-.38310566
4001,
4002,1.6213015
4003,1.7521221
4004,1.4396497
4005,.04158635
4006,-.43518439
4007,
4008,1.2463864
4009,1.288164
4011,1.8700653
4013,1.5701553
4014,.19871373
4016,.79779072
4021,.73625596
4025,.03352414
4029,-.69557801
4030,.39807522
4031,.08560287
4033,.13590633
4037,.7626263
4038,-.645625
4041,1.0139247
4043,-1.1788685
4044,-.69557801
4045,
4048,-1.7426124
4050,.54012158
4051,.13590633
4054,-.12271203
4056,
4057,.85122553
4059,-.27894821
4063,.03352414
4064,1.4396497
4065,.54012158
4066,-1.4843717
4068,
4070,
4072,1.2463864
4073,-.94573247
4077,-1.0956694
4079,-.645625
4080,.24183904
4084,1.1865527
4085,
4086,
4087,.32974057
4095,
4096,
4097,.65846884
4100,1.5701553
4101,.85122553
4106,-1.4293992
4107,
4108,-.27894821
4109,.93751231
4110,.19871373
4112,.65846884
4113,1.8700653
4119,-1.3575005
4120,.50223267
4121,-.69557801
4123,-.13804894
4125,1.0618378
4126,.19871373
4128,1.3814696
4129,.7626263
4131,1.7105662
4133,1.0618378
4134,-.12271203
4139,1.1455463
4142,-.51128404
4144,-.27894821
4149,1.1455463
4150,.81470502
4152,-.90389291
4153,.71054757
4154,
4155,
4156,.54012158
4158,1.8135325
4160,1.8042008
4161,-.13804894
4162,.13590633
4165,1.5958859
4166,-.01855458
4168,-.58170149
4171,-1.239251
4172,-1.4843717
4173,-.51128404
4176,-1.5452461
4179,-1.3575005
4180,-.69557801
4181,-.22686948
4184,-1.6468932
4187,.93751231
4188,.60639012
4189,
4190,.73625596
4192,.16917112
4193,1.8700653
4196,-.94573247
4198,1.4738582
4199,1.1455463
4202,1.1865527
4204,.79779072
4205,-.07063331
4208,1.7521221
4209,-2.0275093
4211,.45015394
4214,1.6213015
4217,1.0139247
4221,-.645625
4222,
4225,
4226,
4228,
4230,
4232,
4233,
4237,.24183904
4239,.39807522
4240,-.43518439
4243,
4244,
4245,-1.239251
4247,-.69557801
4251,-1.3575005
4252,-.38310566
4256,1.9306429
4258,-1.5452461
4259,.61334854
4261,-1.4843717
4263,.65846884
4265,1.7521221
4266,.45793564
4267,1.288164
4268,-.74765674
4269,-.69557801
4270,-.4841997
4274,.24183904
4275,-.07063331
4277,1.0618378
4278,1.0139247
4279,1.7521221
4280,.45015394
4284,-1.0601291
4285,-1.1788685
4286,.29391777
4288,1.0139247
4289,
4291,-.33102694
4292,
4294,.7626263
4295,1.8700653
4296,1.8700653
4299,.79779072
4300,1.4290514
4302,
4305,.50223267
4307,-.90389291
4310,-1.0956694
4311,.81470502
4312,1.4738582
4313,-.38310566
4317,-.4841997
4320,-.85181419
4321,-1.7426124
4322,.40802672
4323,
4326,-.17479076
4328,.13590633
4329,-.27894821
4331,.04158635
4332,-1.239251
4334,-1.4293992
4337,-1.7426124
4339,-.53934184
4341,-.27894821
4342,-1.4843717
4344,-1.0956694
4347,.60639012
4349,.71054757
4352,-.79455469
4354,-.98673763
4356,-2.0275093
4359,.39807522
4360,
4362,.13768159
4363,-.18675712
4364,-.51128404
4374,-1.239251
4378,-.22686948
4379,-.79455469
4381,.19871373
4383,-.01855458
4385,-1.2799371
4386,-1.4293992
4387,-.53934184
4389,-1.239251
4390,-1.8895781
4396,-.90389291
4397,-.43518439
4401,-1.7426124
4402,-.74765674
4403,-.85181419
4405,1.7105662
4407,1.4738582
4411,-.69557801
4413,.65846884
4415,.13590633
4416,.04158635
4420,
4421,
4422,
4424,-.90389291
4425,-1.7426124
4426,.45015394
4432,-1.1158243
4436,-.12271203
4437,-.18675712
4440,
4441,1.4738582
4444,.61334854
4445,1.5701553
4446,.16917112
4448,1.8135325
4450,1.3814696
4451,.9709412
4453,.19871373
4454,-1.6468932
4455,1.4396497
4456,.19871373
4457,.79779072
4458,1.7521221
4460,.7626263
4463,-.98673763
4464,-.58170149
4466,-1.2799371
4468,.13590633
4472,.04158635
4475,-.69557801
4477,.54012158
4479,-.07063331
4481,.45015394
4482,-.07063331
4483,-1.0601291
4484,-.13804894
4485,
4486,
4489,-1.2799371
4491,-1.1158243
4492,-.82747023
4494,-.85181419
4497,-1.0601291
4498,.24183904
4500,-1.1158243
4502,-1.4843717
4503,-1.239251
4505,
4506,.24183904
4507,.03352414
4509,
4511,.13768159
4513,-.13804894
4514,.3511129
4515,.28024726
4516,1.2463864
4518,
4519,-1.2799371
4520,.03352414
4522,1.7521221
4525,1.960437
4526,-.38310566
4527,-.645625
4528,1.7521221
4530,-1.0438545
4533,1.3814696
4535,-.33102694
4537,1.7521221
4540,1.288164
4543,-.69557801
4544,-.33102694
4545,-.90389291
4546,-1.0438545
4547,1.9306429
4551,-.94573247
4555,.28024726
4562,-1.7426124
4564,1.1865527
4567,-1.0601291
4569,-.38310566
4570,.24183904
4571,-.51128404
4572,
4573,-.33102694
4574,.7626263
4576,
4577,
4580,.93751231
4582,1.288164
4585,
4586,.24183904
4587,.65846884
4589,-.38310566
4591,.50223267
4592,.3511129
4596,.39807522
4600,.85122553
4602,.39807522
4604,
4606,-.82747023
4609,.03352414
4613,-.33102694
4614,1.4738582
4615,.39807522
4616,
4617,.45015394
4622,.93751231
4623,.16917112
4624,-.98673763
4625,-1.8895781
4627,-1.5452461
4629,1.8042008
4631,.73625596
4632,-.12271203
4636,.88955309
4637,
4638,.08560287
4639,-1.0956694
4640,-1.5452461
4641,-.18675712
4642,.45015394
4643,1.8700653
4644,1.288164
4645,.9709412
4646,
4653,-.85181419
4654,-.38310566
4659,.3511129
4660,1.288164
4661,.13590633
4663,1.4290514
4665,
4666,.24183904
4668,-.13804894
4669,-.90389291
4679,.39807522
4680,-.27894821
4681,-.85181419
4682,-1.6468932
4690,.88955309
4691,-.69557801
4692,
4693,.08560287
4701,-1.239251
4702,1.0618378
4703,-.90389291
4705,
4709,.29391777
4710,1.1107724
4712,-1.7426124
4713,-1.8895781
4717,-.98673763
4724,.85122553
4727,-1.4843717
4731,1.8042008
4734,-1.8895781
4735,
4736,.73625596
4737,-.05588286
4740,-.27894821
4743,-.33102694
4744,
4745,-.01855458
4746,.04158635
4749,-.33102694
4750,.32974057
4751,1.3814696
4752,-1.0438545
4759,1.7105662
4762,-.645625
4763,1.8042008
4764,
4765,.19871373
4766,
4769,
4774,-.22686948
4776,.29391777
4780,
4781,-1.2799371
4782,
4787,.88955309
4788,1.8042008
4790,.65846884
4791,
4793,
4794,
4798,-.13804894
4799,.88955309
4800,-.18675712
4803,-.18675712
4805,.24183904
4808,
4810,-1.0601291
4813,.85122553
4814,1.8042008
4817,1.1865527
4818,1.4290514
4819,.85122553
4820,1.8135325
4824,-.18675712
4826,1.9306429
4827,1.1107724
4830,1.7521221
4831,
4832,1.0618378
4833,1.960437
4835,-.34185336
4836,.60639012
4839,-.38310566
4840,-.51128404
4844,-.82747023
4845,.13590633
4847,.03352414
4848,.79779072
4849,.04158635
4851,.9709412
4853,.61334854
4861,-.69557801
4863,1.5958859
4864,.7626263
4866,1.3354923
4869,-.79455469
4870,1.8042008
4872,-.13804894
4874,-1.239251
4883,.3511129
4884,-.22686948
4886,-.22686948
4887,1.0618378
4889,.13590633
4890,.13590633
4891,
4892,-1.239251
4894,.79779072
4896,-.53934184
4897,1.1107724
4900,.32974057
4902,-1.2799371
4906,.39807522
4907,-1.1788685
4908,.3511129
4909,.7626263
4910,-1.1788685
4911,.73625596
4912,-.42114595
4913,1.3814696
4914,
4916,.73625596
4918,1.4396497
4919,.81470502
4920,-1.0438545
4921,.29391777
4922,.60639012
4927,1.0139247
4928,.60639012
4929,
4930,
4931,-.51128404
4932,.3511129
4934,1.3354923
4936,-1.3575005
4937,-.42114595
4939,.29391777
4940,.40802672
4942,1.5958859
4943,.88955309
4945,
4946,-1.3575005
4947,.9709412
4948,.04158635
4950,-1.4843717
4951,
4953,.24183904
4954,-.79455469
4957,
4965,-1.2799371
4970,-.74765674
4971,.19871373
4972,-.07063331
4975,-1.5452461
4977,-1.0601291
4980,
4981,-.74765674
4983,1.4396497
4984,-.69557801
4986,.24183904
4987,.61334854
4989,
4992,1.4396497
4997,-.58170149
5000,
5002,
5004,
5006,
5010,1.1107724
5012,1.4396497
5013,.50223267
5014,.81470502
5019,.93751231
5020,1.288164
5023,-1.0956694
5026,.32974057
5028,.73625596
5029,-.05588286
5030,1.5958859
5031,1.6213015
5033,-1.0438545
5034,
5036,
5037,
5038,.65846884
5041,-.07063331
5042,1.9306429
5044,
5045,1.8700653
5047,-.17479076
5050,
5052,.16917112
5053,1.1107724
5055,-1.4293992
5056,
5058,
5059,
5061,
5062,
5063,
5064,
5065,
5066,
5067,
5070,-1.5452461
5071,-.82747023
5074,
5076,
5077,.54012158
5080,-.34185336
5081,-.18675712
5084,1.288164
5088,.93751231
5090,1.4738582
5093,-1.6468932
5094,-.4841997
5100,1.1107724
5102,-1.1158243
5103,
5105,-.07063331
5106,.81470502
5107,
5108,.29391777
5109,1.0618378
5110,.61334854
5112,-.645625
5116,.28024726
5117,.13590633
5119,
5120,.3511129
5121,
5122,-1.4293992
5124,.50223267
5127,.19871373
5132,1.288164
5133,.04158635
5134,-1.2799371
5135,.24183904
5136,.08560287
5139,.54012158
5142,1.7521221
5144,1.288164
5145,-1.4843717
5147,
5148,
5150,.45793564
5153,.71054757
5155,1.7105662
5156,.39807522
5157,-.53934184
5159,1.7521221
5161,-.53934184
5162,1.2463864
5164,-.645625
5165,1.5958859
5166,1.2463864
5170,.93751231
5172,-.22686948
5174,1.8135325
5178,.85122553
5180,.65846884
5181,-.69557801
5183,1.8042008
5184,1.4738582
5188,1.5958859
5191,1.288164
5197,1.8042008
5199,
5201,.24183904
5209,1.3354923
5211,.32974057
5213,-.94573247
5214,-.43518439
5218,-.85181419
5220,.73625596
5222,.08560287
5223,-.33102694
5224,-.85181419
5226,
5229,-.05588286
5231,.65846884
5234,1.3814696
5235,
5238,1.5958859
5240,-1.3575005
5244,.28024726
5245,-.27894821
5246,1.2463864
5248,-1.6468932
5249,.71054757
5250,.71054757
5252,.40802672
5254,
5255,
5258,.19871373
5259,.73625596
5260,.08560287
5262,.7626263
5266,
5268,.65846884
5271,-.42114595
5273,.65846884
5275,
5277,
5278,-.01855458
5279,1.4738582
5282,.32974057
5283,-.01855458
5284,-1.0956694
5286,-1.0438545
5287,-.94573247
5288,-1.8895781
5292,
5301,.39807522
5305,
5306,.93751231
5308,-.13804894
5309,1.8042008
5312,1.6213015
5313,.39807522
5314,-.94573247
5316,-.69557801
5321,.03352414
5322,.08560287
5323,-.94573247
5325,
5327,-.33102694
5329,-.34185336
5330,.45793564
5331,
5332,.24183904
5336,-.27894821
5337,.24183904
5339,.39807522
5341,-.74765674
5342,1.7521221
5345,1.960437
5347,1.4396497
5348,-.34185336
5349,-.74765674
5350,.13590633
5352,-.07063331
5353,.40802672
5354,1.7105662
5355,.81470502
5356,1.5958859
5357,.54012158
5360,1.7105662
5362,1.0139247
5363,1.0139247
5364,-1.6468932
5366,-.69557801
5368,-1.0956694
5370,
5371,
5373,
5374,
5375,.29391777
5376,-1.6468932
5377,-.27894821
5379,.60639012
5380,1.5701553
5383,.85122553
5384,-1.0601291
5385,.7626263
5391,-.01855458
5393,1.0618378
5395,
5396,-1.7426124
5400,.03352414
5406,.45015394
5407,.60639012
5408,1.1865527
5409,.93751231
5415,.39807522
5417,
5420,.45015394
5423,-.18675712
5426,-1.3575005
5427,-.69557801
5428,.58428312
5429,-.18675712
5431,.04158635
5433,.73625596
5434,
5435,
5436,.7626263
5437,1.8135325
5438,1.7521221
5439,.79779072
5440,-.17479076
5441,-.69557801
5442,.45015394
5443,
5445,.9709412
5447,-.18675712
5449,
5450,.16917112
5453,.40802672
5455,-1.3575005
5458,-.69557801
5459,-1.239251
5461,-.38310566
5462,-1.0956694
5464,1.3354923
5471,.03352414
5474,1.8042008
5481,1.4738582
5483,.13768159
5484,-.01855458
5486,
5488,-.43518439
5491,.9709412
5492,1.0139247
5494,.16917112
5497,-.33102694
5499,-.82747023
5500,.60639012
5502,-.51128404
5509,.32974057
5510,-.43518439
5511,-1.3575005
5512,1.1455463
5515,-.69557801
5516,1.6213015
5517,.71054757
5518,-1.0438545
5519,-.4841997
5520,1.0618378
5521,-.18675712
5522,.19871373
5523,1.4290514
5524,.54012158
5525,-.17479076
5529,.03352414
5532,-.38310566
5533,.39807522
5536,1.7521221
5537,.71054757
5538,.08560287
5539,-.22686948
5541,1.8135325
5542,1.3354923
5545,-.53934184
5546,1.7521221
5547,-1.239251
5549,-2.0275093
5550,-.58170149
5552,1.7521221
5553,.71054757
5554,.24183904
5555,-1.2799371
5556,.81470502
5557,-.12271203
5561,.28024726
5566,.32974057
5568,-1.2799371
5569,-.645625
5574,-1.1788685
5577,-.58170149
5579,-.05588286
5581,.9709412
5582,
5586,-.645625
5588,
5591,-.74765674
5592,-1.4843717
5593,-1.6468932
5595,.73625596
5596,-1.0601291
5598,-1.7426124
5599,-1.8895781
5600,-1.0438545
5602,-.85181419
5604,-.58170149
5605,
5607,-.51128404
5609,-.74765674
5611,-.13804894
5612,-.27894821
5614,-.12271203
5617,
5619,.79779072
5626,-.07063331
5627,
5629,-.69557801
5630,-1.2799371
5631,-1.2799371
5635,-1.0956694
5636,.7626263
5639,.03352414
5640,-.90389291
5643,
5650,
5651,-.58170149
5652,.81470502
5654,
5657,-1.6468932
5658,
5660,-1.5452461
5666,
5669,-.90389291
5670,1.4290514
5671,-.27894821
5673,
5675,
5676,
5678,
5680,-.58170149
5682,
5687,-.18675712
5689,-.07063331
5692,-2.0275093
5693,-1.0601291
5696,-1.7426124
5698,-.18675712
5699,-.69557801
5701,-.51128404
5703,.04158635
5704,-.4841997
5709,-1.3575005
5713,.3511129
5715,-1.0601291
5716,-.13804894
5721,-1.239251
5723,
5724,.24183904
5726,-1.6468932
5729,-1.1788685
5730,-1.0601291
5731,.73625596
5734,-1.5452461
5736,-.38310566
5737,-.94573247
5742,-.51128404
5743,1.8135325
5744,.61334854
5746,.03352414
5747,
5749,.03352414
5750,
5751,-1.1788685
5754,
5755,-1.8895781
5756,
5758,
5759,.28024726
5760,
5765,.16917112
5766,-.98673763
5769,-.13804894
5771,1.2463864
5774,
5776,-.27894821
5777,-.33102694
5779,
5780,
5781,-2.0275093
5782,-1.2799371
5784,
5786,-.05588286
5789,-1.7426124
5790,.13590633
5791,-1.3575005
5793,-.34185336
5794,-.18675712
5795,
5798,1.5958859
5802,.13768159
5804,-1.7426124
5805,
5806,-1.0956694
5809,-1.4293992
5813,
5815,-1.8895781
5816,-1.8895781
5817,-1.6468932
5821,-.98673763
5823,-1.1788685
5825,
5828,-.90389291
5829,
5831,-1.5452461
5833,-1.8895781
5835,-1.7426124
5837,-.43518439
5838,.03352414
5841,-2.0275093
5842,1.1865527
5847,-1.8895781
5848,
5849,-.98673763
5850,-1.6468932
5852,-1.2799371
5857,
5861,1.9306429
5862,-1.8895781
5866,.81470502
5867,.13590633
5868,.79779072
5869,-.85181419
5872,
5874,-1.4293992
5876,
5882,
5883,1.8042008
5887,
5894,-.98673763
5896,-.98673763
5899,-.79455469
5903,
5906,.61334854
5907,-.18675712
5908,.85122553
5913,
5918,
5920,-1.8895781
5921,
5922,.45015394
5923,-.90389291
5924,-.58170149
5926,
5927,-.69557801
5931,-.42114595
5932,
5935,-.27894821
5936,-.69557801
5940,
5941,1.7105662
5947,1.4738582
5948,-.645625
5950,-.27894821
5952,.08560287
5953,.13590633
5954,-.33102694
5956,
5959,-.27894821
5961,-.12271203
5962,-.05588286
5963,-.69557801
5964,.24183904
5967,
5969,1.0139247
5970,-.82747023
5976,
5977,-.74765674
5982,-.85181419
5983,-.18675712
5984,-1.0438545
5986,-.12271203
5989,.7626263
5990,.16917112
5995,-.58170149
5997,-1.4843717
5998,.61334854
5999,-.90389291
6000,.58428312
6001,.24183904
6002,.54012158
6003,.81470502
6004,.3511129
6009,-1.5452461
6011,-1.8895781
6015,-1.4843717
6017,-1.2799371
6018,-.69557801
6020,-.82747023
6021,1.1865527
6022,.24183904
6023,1.5958859
6025,-1.0956694
6026,-.43518439
6031,
6037,-.12271203
6038,.58428312
6040,-1.1158243
6041,-1.6468932
6042,.79779072
6045,
6046,-1.4293992
6049,.40802672
6050,
6052,
6054,-.01855458
6059,-1.2799371
6060,-.13804894
6061,-1.0601291
6062,-.79455469
6064,-1.239251
6066,
6068,-.13804894
6069,-.58170149
6070,-.58170149
6072,
6073,1.7105662
6074,1.6213015
6075,.3511129
6078,.39807522
6082,.24183904
6083,-1.1788685
6084,
6085,-.07063331
6088,.58428312
6089,-.43518439
6091,-1.1158243
6094,
6096,.08560287
6097,-.05588286
6098,-.51128404
6100,
6101,
6103,
6104,
6106,-.79455469
6108,1.8135325
6111,1.1865527
6113,-.12271203
6116,.03352414
6118,-.22686948
6119,-.69557801
6120,-.33102694
6121,.03352414
6123,-.69557801
6125,-1.8895781
6129,
6130,
6131,
6133,1.4738582
6134,1.8700653
6143,-1.1788685
6145,
6149,-.13804894
6151,.85122553
6153,.32974057
6154,
6158,1.1455463
6163,-1.8895781
6165,-1.1158243
6172,
6174,.65846884
6176,
6181,1.1107724
6182,-1.4843717
6184,-.53934184
6185,.04158635
6187,.54012158
6191,1.4738582
6192,.93751231
6193,-1.4843717
6195,-.645625
6196,-2.0275093
6200,-.43518439
6204,.9709412
6205,-1.0601291
6206,-1.0601291
6207,-.94573247
6210,.54012158
6213,-.27894821
6214,-.13804894
6215,1.1107724
6216,-1.0601291
6218,-.90389291
6219,-1.4293992
6220,.39807522
6222,
6223,.04158635
6224,-.38310566
6229,.13590633
6230,.9709412
6231,.16917112
6234,1.8042008
6236,-.94573247
6237,.58428312
6238,1.0618378
6240,.85122553
6245,1.288164
6247,-.74765674
6248,1.1455463
6250,1.1865527
6251,.13768159
6252,.50223267
6254,-1.4843717
6256,.54012158
6257,-1.0601291
6261,1.1455463
6263,1.9306429
6264,
6267,
6272,.19871373
6273,
6274,1.5958859
6276,-.98673763
6282,-.79455469
6283,-.01855458
6285,
6286,.61334854
6288,
6292,-.82747023
6293,.54012158
6296,-.05588286
6297,-.69557801
6298,-.69557801
6302,-.22686948
6303,-1.5452461
6307,
6309,.93751231
6311,-.82747023
6314,-.13804894
6316,1.0618378
6317,.13768159
6318,.9709412
6320,-.90389291
6321,-.43518439
6324,.65846884
6325,.58428312
6326,.13590633
6327,.65846884
6331,.45793564
6332,1.4738582
6334,
6337,
6338,-1.0956694
6340,-.38310566
6342,
6343,
6344,.54012158
6347,.45793564
6348,-.69557801
6352,.54012158
6353,-.79455469
6354,1.8135325
6357,-.34185336
6361,-.90389291
6362,.45793564
6363,
6364,-.43518439
6366,.13590633
6371,
6377,.08560287
6381,.19871373
6383,.93751231
6384,1.7521221
6385,-.42114595
6387,.13590633
6388,-1.2799371
6389,.60639012
6391,1.288164
6392,.13768159
6393,.08560287
6396,-.34185336
6397,.65846884
6398,
6402,.50223267
6403,1.7105662
6404,
6405,.71054757
6406,.40802672
6409,1.0139247
6410,1.1455463
6411,-.645625
6412,1.4738582
6415,1.0618378
6416,-.34185336
6417,
6423,.45015394
6425,-.82747023
6430,1.288164
6432,-.22686948
6433,1.2463864
6434,-.05588286
6435,.81470502
6438,.32974057
6439,1.7521221
6441,1.2463864
6442,.28024726
6443,.88955309
6445,-1.0438545
6446,
6449,1.0139247
6450,
6452,
6453,1.8042008
6454,1.7521221
6455,.39807522
6459,
6460,-.85181419
6461,-1.2799371
6462,-1.1788685
6464,-1.0438545
6466,-1.239251
6471,1.3354923
6472,-.27894821
6476,-.22686948
6478,1.7521221
6479,-1.2799371
6480,-1.2799371
6481,-.27894821
6485,.13768159
6486,-.12271203
6488,1.6213015
6494,.24183904
6495,.08560287
6496,.08560287
6497,-1.0601291
6502,.40802672
6503,.04158635
6504,-.38310566
6505,
6507,
6510,1.8042008
6512,1.9306429
6517,.54012158
6522,.40802672
6525,.19871373
6526,
6529,-.01855458
6530,-.07063331
6531,-.69557801
6532,
6533,-.27894821
6534,.13768159
6537,-.4841997
6538,1.288164
6539,-.69557801
6543,-1.3575005
6545,
6547,-.34185336
6551,1.3814696
6552,1.7521221
6553,.54012158
6554,.45015394
6555,1.1455463
6556,-1.0956694
6559,-.17479076
6562,.54012158
6563,1.4290514
6565,1.8700653
6569,-.18675712
6570,-.90389291
6571,.45015394
6576,-1.1788685
6577,.85122553
6578,.71054757
6583,-.94573247
6585,-.43518439
6587,.73625596
6593,
6595,
6596,-1.1158243
6597,
6600,
6602,
6604,.24183904
6606,-.69557801
6607,-.51128404
6608,-.98673763
6609,-.13804894
6610,
6611,
6612,
6613,
6614,
6619,
6620,-.53934184
6621,.24183904
6622,-1.239251
6623,
6625,
6630,
6634,-.27894821
6637,
6640,
6641,
6642,-.74765674
6643,-.85181419
6644,-.43518439
6647,.39807522
6654,
6655,-1.4293992
6656,-1.8895781
6657,
6658,
6661,
6662,
6664,.85122553
6668,
6669,
6670,
6672,
6674,-2.0275093
6675,
6676,-.4841997
6677,
6679,
6680,-1.1788685
6681,-1.239251
6683,1.6213015
6684,
6685,
6686,
6690,
6693,
6694,
6695,
6697,
6699,
6701,-.05588286
6702,.58428312
6703,
6704,
6705,
6708,
6709,-.79455469
6710,-.12271203
6715,
6717,
6719,
6720,
6723,
6724,
6726,
6728,-1.5452461
6729,-.05588286
6732,
6733,
6734,-.42114595
6738,1.288164
6739,
6740,-.98673763
6742,.32974057
6743,
6744,.54012158
6745,.29391777
6747,.65846884
6755,
6758,-.33102694
6759,1.3354923
6761,-1.5452461
6762,-.69557801
6764,
6767,-1.1788685
6768,-1.3575005
6770,.79779072
6772,-.98673763
6773,-.12271203
6778,-.22686948
6779,-.12271203
6780,-1.0438545
6783,-1.0438545
6784,-1.0956694
6787,-1.239251
6789,-.79455469
6790,-1.8895781
6792,-.94573247
6796,-.74765674
6797,-1.4843717
6798,-.645625
6800,
6802,
6804,-1.5452461
6806,1.3354923
6812,-.94573247
6814,
6816,-.98673763
6819,.45793564
6824,.85122553
6826,-.51128404
6827,-.51128404
6828,.65846884
6830,
6833,
6836,
6837,
6841,1.288164
6843,
6844,-1.4843717
6845,-.79455469
6846,-1.3575005
6847,-1.4293992
6848,
6850,-.79455469
6853,
6854,
6856,-1.1158243
6859,1.1455463
6860,.54012158
6861,.88955309
6862,.24183904
6863,-1.3575005
6865,.03352414
6867,-.38310566
6870,-1.4293992
6871,-.58170149
6872,-1.3575005
6873,-1.0956694
6875,-1.0438545
6876,-.4841997
6877,
6878,
6879,.32974057
6886,-.01855458
6887,-.51128404
6888,.50223267
6892,
6894,-.74765674
6899,-.79455469
6901,.24183904
6904,-.05588286
6907,
6910,.08560287
6911,.45015394
6912,.08560287
6915,-.12271203
6918,-1.6468932
6922,-1.5452461
6926,
6927,
6928,-1.1788685
6929,-1.0438545
6932,
6934,-1.4293992
6939,1.4290514
6940,.54012158
6941,-.4841997
6942,.03352414
6943,-.27894821
6950,-.33102694
6954,-1.0956694
6957,-1.2799371
6958,
6959,
6960,
6961,-1.1158243
6963,
6966,.71054757
6968,
6969,-1.1788685
6970,
6973,.45793564
6974,.45793564
6975,.04158635
6977,-1.4293992
6979,
6982,-1.4843717
6983,
6984,
6988,-.34185336
6990,-.34185336
6992,-.69557801
6993,.39807522
6994,-.74765674
6995,-1.3575005
6997,-1.8895781
6999,
7001,
7002,-.34185336
7005,
7008,
7009,-1.1788685
7015,-.79455469
7016,-1.7426124
7019,-.51128404
7020,
7022,-1.1158243
7023,-1.8895781
7025,
7027,-1.7426124
7028,.16917112
7029,-.94573247
7030,.19871373
7031,-2.0275093
7033,
7039,-.74765674
7040,-1.7426124
7043,-1.2799371
7044,.16917112
7045,
7046,-.12271203
7047,-.98673763
7049,-.51128404
7051,1.2463864
7052,1.2463864
7055,-.53934184
7056,-.85181419
7061,.39807522
7062,1.4738582
7065,-1.7426124
7067,-1.8895781
7068,-1.5452461
7071,
7074,-.33102694
7076,-.43518439
7077,-1.239251
7078,.3511129
7080,1.4290514
7085,-.43518439
7087,
7092,.24183904
7093,
7095,1.7105662
7097,.65846884
7100,
7101,.54012158
7102,-.18675712
7103,.24183904
7104,
7108,1.2463864
7109,-.98673763
7113,-1.8895781
7114,-1.8895781
7115,-.90389291
7116,-.85181419
7119,
7126,-1.4843717
7127,-.98673763
7128,-1.0956694
7129,
7130,
7131,
7134,-.43518439
7135,.08560287
7138,-.33102694
7141,-.85181419
7143,.13768159
7146,-1.1788685
7149,-1.4293992
7150,-.18675712
7153,.39807522
7155,1.3354923
7156,
7157,
7159,-.74765674
7160,
7163,.65846884
7165,
7167,-.85181419
7168,.45793564
7170,.29391777
7171,-.12271203
7174,1.4290514
7179,-1.4843717
7181,
7184,-.85181419
7186,1.5701553
7190,1.0618378
7191,.58428312
7193,.9709412
7195,-.98673763
7196,-.12271203
7197,.50223267
7201,.45793564
7202,-.34185336
7203,
7205,
7206,1.7521221
7207,
7209,.28024726
7210,-.34185336
7212,
7214,
7216,
7219,.45793564
7220,.19871373
7221,
7222,1.4738582
7223,.85122553
7224,.08560287
7225,1.4738582
7227,-1.4293992
7228,
7229,-.38310566
7231,
7233,-1.8895781
7234,-.12271203
7238,
7239,
7242,-.27894821
7245,
7246,-.79455469
7247,-.98673763
7248,-1.6468932
7249,-1.2799371
7250,
7251,-1.5452461
7252,1.2463864
7253,
7254,-.43518439
7255,-.645625
7256,
7257,1.0618378
7259,.45015394
7260,-.69557801
7261,-.4841997
7265,
7266,-1.1788685
7267,-1.3575005
7271,-1.1158243
7272,-1.3575005
7274,-1.3575005
7276,-1.3575005
7277,-.22686948
7278,-.33102694
7280,
7282,-2.0275093
7283,-1.8895781
7285,.13768159
7287,
7288,.65846884
7289,1.0618378
7290,-.27894821
7292,-1.0438545
7297,
7298,
7299,
7300,
7307,-.98673763
7308,.3511129
7309,.13590633
7310,-1.5452461
7311,
7312,
7314,-.69557801
7315,
7316,-1.7426124
7320,
7322,.65846884
7323,-.43518439
7325,.03352414
7326,
7331,-1.5452461
7332,-.79455469
7334,-.51128404
7335,-1.3575005
7336,.71054757
7337,-.58170149
7338,-.17479076
7339,1.1865527
7342,-1.0601291
7343,-.79455469
7345,-.98673763
7346,-.74765674
7347,-.22686948
7349,-.34185336
7350,-1.0601291
7352,.03352414
7353,-.94573247
7354,-.38310566
7355,-.98673763
7356,-.82747023
7358,-1.0956694
7360,.85122553
7361,-1.4293992
7362,.54012158
7363,-1.1788685
7364,-1.0601291
7369,-1.8895781
7372,-1.4843717
7375,-.90389291
7376,-1.5452461
7377,-1.7426124
7383,.79779072
7386,-.69557801
7387,-1.7426124
7389,-.18675712
7393,
7394,1.7521221
7396,-.12271203
7397,-1.8895781
7398,
7402,.71054757
7403,-.82747023
7405,
7412,-.645625
7413,
7415,-.69557801
7416,
7417,-2.0275093
7418,
7421,1.4290514
7423,
7424,-1.0438545
7425,-.4841997
7426,-1.0601291
7427,-.4841997
7428,-.42114595
7430,-1.3575005
7431,
7433,-.58170149
7435,.9709412
7436,-1.6468932
7439,-1.239251
7441,-.79455469
7442,.03352414
7447,
7448,-1.5452461
7449,-1.7426124
7451,
7453,
7455,-.69557801
7457,.19871373
7458,-1.4293992
7459,-1.7426124
7461,-1.3575005
7462,-1.8895781
7463,-1.0601291
7464,-.01855458
7465,-.34185336
7466,
7471,-1.3575005
7472,-.69557801
7473,-.98673763
7474,-.90389291
7475,
7476,-.34185336
7481,-.94573247
7483,-1.5452461
7484,-.79455469
7485,-1.2799371
7488,
7490,
7497,.71054757
7498,-1.3575005
7500,-.94573247
7502,-1.8895781
7503,-.98673763
7505,
7506,-.58170149
7507,-.645625
7510,-.13804894
7515,-.645625
7516,1.288164
7518,-1.4293992
7522,-.17479076
7523,-.05588286
7524,-2.0275093
7526,
7529,
7532,-.42114595
7537,-.05588286
7538,1.1865527
7540,-.79455469
7542,
7544,
7547,.03352414
7548,.04158635
7549,-.13804894
7550,.88955309
7552,-.74765674
7553,-.90389291
7554,-.38310566
7558,-.98673763
7560,-1.0438545
7561,-1.3575005
7562,-1.1158243
7564,.03352414
7565,.13590633
7566,.13768159
7567,-.42114595
7568,-1.0956694
7569,.39807522
7570,-.98673763
7572,
7573,
7578,.04158635
7581,-.27894821
7583,
7585,-.38310566
7589,.24183904
7594,1.3354923
7595,.39807522
7596,-.69557801
7597,-.13804894
7599,-1.239251
7600,-.33102694
7602,-.85181419
7604,.73625596
7607,-.98673763
7615,-.17479076
7620,
7621,1.8700653
7624,
7627,-2.0275093
7629,
7630,-1.8895781
7631,-1.8895781
7638,
7640,
7641,.32974057
7642,.50223267
7643,-.12271203
7645,-1.4843717
7648,-1.239251
7649,-1.1788685
7651,1.1107724
7656,-.94573247
7658,
7660,-.43518439
7661,-2.0275093
7663,
7664,
7667,.58428312
7669,
7670,
7672,
7673,
7674,
7675,-1.4843717
7676,-1.239251
7677,-1.1788685
7678,-.98673763
7680,
7691,
7693,-.74765674
7696,
7699,
7700,
7703,
7704,-.38310566
7706,.9709412
7710,-1.0601291
7712,
7714,
7718,
7721,
7722,.13590633
7723,.45015394
7725,
7726,
7727,-1.3575005
7729,-1.7426124
7731,-.69557801
7733,-.90389291
7735,-1.4293992
7737,-1.0956694
7739,-1.6468932
7742,-1.3575005
7744,-1.0438545
7745,.54012158
7746,-1.239251
7747,-2.0275093
7748,-.90389291
7749,-1.0601291
7750,-1.7426124
7751,-1.4293992
7752,.08560287
7753,
7755,
7757,-1.0601291
7759,-.69557801
7760,-.42114595
7761,.08560287
7763,-1.7426124
7768,-1.0956694
7771,-.53934184
7772,-.69557801
7775,
7776,
7778,
7779,.16917112
7783,-.94573247
7784,-.34185336
7785,
7786,
7788,
7789,
7790,.32974057
7791,
7796,-1.7426124
7797,-.90389291
7799,.79779072
7800,.45793564
7802,-.69557801
7803,-.27894821
7805,-.07063331
7806,.45793564
7807,-.38310566
7808,
7810,-.82747023
7812,
7818,-1.4293992
7820,.04158635
7821,-1.1788685
7822,-1.2799371
7825,1.2463864
7827,
7831,-1.4843717
7832,-.42114595
7833,
7834,-.33102694
7835,-.51128404
7838,
7839,-.22686948
7845,-.79455469
7847,-.94573247
7848,-1.3575005
7849,-.13804894
7850,-.51128404
7854,1.288164
7855,1.3814696
7859,-.69557801
7860,
7861,.19871373
7862,-.33102694
7864,
7865,-.27894821
7866,-2.0275093
7867,
7869,-2.0275093
7875,-.33102694
7876,-1.8895781
7879,
7881,-1.5452461
7882,
7883,-1.5452461
7884,-1.8895781
7885,-1.8895781
7889,-1.239251
7890,-1.0956694
7891,-1.5452461
7893,-1.239251
7894,-1.8895781
7897,
7898,.24183904
7900,-.74765674
7902,-1.0601291
7905,-1.6468932
7910,-2.0275093
7912,-1.2799371
7913,
7914,
7915,1.4290514
7916,
7917,
7919,-1.8895781
7921,
7928,-1.6468932
7929,-.98673763
7930,-1.0438545
7933,-.27894821
7934,-1.0438545
7935,-.85181419
7936,1.0618378
7940,
7943,
7944,
7948,-1.1158243
7949,
7952,.04158635
7953,-1.1788685
7955,-1.3575005
7956,-.58170149
7963,-.645625
7965,-1.0956694
7967,-1.1158243
7968,-1.1158243
7969,
7970,
7971,
7972,-1.0601291
7973,.81470502
7974,
7975,
7981,-.94573247
7982,
7983,-1.4293992
7984,-.27894821
7988,-.4841997
7990,
7991,
7993,-1.1788685
7994,-1.239251
7997,-.98673763
7998,-1.8895781
8001,-1.2799371
8002,
8003,-.94573247
8004,-.98673763
8005,
8015,
8016,-1.4293992
8025,-.79455469
8026,-1.5452461
8028,-.94573247
8029,-1.8895781
8031,-.58170149
8032,-.34185336
8034,-.22686948
8035,
8036,
8038,-.43518439
8040,
8041,
8042,-.94573247
8043,
8045,
8046,-1.0601291
8047,-1.3575005
8049,
8050,-.13804894
8051,.24183904
8052,
8053,-1.239251
8055,-.69557801
8057,-1.8895781
8058,
8059,-.17479076
8062,-1.7426124
8063,
8065,
8071,-.98673763
8072,-.33102694
8073,-1.0956694
8076,
8077,.85122553
8078,-.17479076
8087,1.7521221
8088,-1.5452461
8090,-1.5452461
8094,
8099,-1.4293992
8100,
8101,-1.6468932
8102,.04158635
8104,
8105,.40802672
8108,.45015394
8109,-.645625
8110,-1.5452461
8124,-1.7426124
8126,
8129,.13590633
8130,.24183904
8132,-.38310566
8135,-.22686948
8136,-.42114595
8137,-1.0956694
8138,-.43518439
8142,-1.8895781
8145,-2.0275093
8148,.39807522
8149,-.43518439
8150,-1.239251
8151,.39807522
8152,-.4841997
8153,-.53934184
8154,-1.0438545
8156,-1.1158243
8157,-1.0956694
8158,-1.7426124
8159,
8160,.16917112
8161,-.42114595
8162,-.79455469
8164,-.98673763
8165,-1.3575005
8166,-1.4843717
8168,-.33102694
8169,.45793564
8171,-.94573247
8172,.24183904
8173,
8174,-1.8895781
8177,-.07063331
8179,1.4290514
8180,.93751231
8181,-.74765674
8186,-.13804894
8187,-.27894821
8190,1.4738582
8191,.45793564
8192,
8193,
8194,.9709412
8196,
8197,1.0618378
8198,.13768159
8199,-1.4293992
8200,.28024726
8206,-1.3575005
8209,-.82747023
8213,-.53934184
8214,1.7105662
8216,-.53934184
8220,-1.0438545
8221,
8222,-.74765674
8223,1.3814696
8224,.61334854
8227,.04158635
8228,-.85181419
8229,-.05588286
8231,
8234,-.33102694
8236,-.43518439
8238,.40802672
8241,.39807522
8243,-1.4293992
8246,
8247,-1.8895781
8250,1.7521221
8252,-1.6468932
8253,.13590633
8260,-.53934184
8261,.58428312
8262,-2.0275093
8263,
8266,.45015394
8267,.13768159
8268,-1.2799371
8269,-1.7426124
8270,-2.0275093
8274,
8275,.29391777
8278,-.07063331
8279,-1.0438545
8280,.50223267
8282,-.13804894
8284,1.7521221
8285,1.4396497
8287,-1.4843717
8291,-1.4293992
8294,-.69557801
8295,
8298,-.85181419
8302,
8305,
8306,-1.0601291
8310,-.98673763
8312,-.38310566
8313,.58428312
8316,-1.1788685
8317,-.94573247
8321,-1.0438545
8322,
8324,-.18675712
8326,-.645625
8328,
8330,-.34185336
8332,.08560287
8333,-1.0438545
8338,-.69557801
8339,.16917112
8340,-.98673763
8344,-.51128404
8346,.45015394
8347,-.53934184
8348,-1.4843717
8349,
8350,-.17479076
8352,-1.4843717
8353,-1.0956694
8354,.60639012
8355,-1.239251
8359,-1.7426124
8360,-.94573247
8361,-.74765674
8371,-.12271203
8375,
8376,-.05588286
8379,-.51128404
8380,
8381,
8383,-.18675712
8384,-.74765674
8387,-1.8895781
8388,-1.0956694
8389,-1.0601291
8395,.08560287
8398,-.82747023
8399,-.34185336
8404,-.85181419
8407,
8409,
8410,-1.1788685
8412,
8416,.03352414
8417,-1.7426124
8419,-1.0956694
8420,-.33102694
8421,-1.4843717
8423,-.01855458
8425,-1.0956694
8426,-.98673763
8428,-.79455469
8429,-1.5452461
8430,
8432,.24183904
8433,1.1107724
8434,-.34185336
8436,
8437,
8441,-1.2799371
8442,
8443,
8445,
8446,-.18675712
8447,-.79455469
8448,
8449,-1.2799371
8452,-.58170149
8453,.16917112
8454,-.98673763
8455,-.645625
8457,-1.1158243
8460,-.53934184
8462,.39807522
8463,-1.8895781
8464,-1.8895781
8465,
8466,
8473,-1.3575005
8474,.13590633
8475,-.94573247
8477,-2.0275093
8481,.73625596
8482,-1.4293992
8483,-1.5452461
8484,
8485,
8486,
8487,-.94573247
8488,
8489,-1.4843717
8500,.29391777
8501,1.288164
8503,-.90389291
8504,.73625596
8507,-1.5452461
8511,
8514,-.17479076
8516,
8517,
8518,
8519,-.645625
8521,.65846884
8523,-1.4843717
8527,-2.0275093
8528,1.0618378
8529,-.34185336
8530,-1.0956694
8533,-2.0275093
8536,-.42114595
8537,-.69557801
8538,.13590633
8539,
8541,
8542,-1.239251
8543,-.34185336
8544,1.3814696
8547,
8548,-1.4843717
8550,-.645625
8551,.79779072
8553,-.85181419
8554,
8557,-.18675712
8558,
8559,-1.1158243
8560,-1.2799371
8563,-.22686948
8565,-.07063331
8566,.19871373
8567,.08560287
8568,-.22686948
8570,.04158635
8571,-1.1158243
8572,
8574,-.43518439
8576,
8581,
8585,.29391777
8587,-.645625
8591,.60639012
8592,.40802672
8593,-.18675712
8594,
8595,
8597,-.12271203
8598,.13590633
8599,.03352414
8602,-.27894821
8604,-1.6468932
8605,-.645625
8606,.9709412
8607,-.69557801
8612,-.34185336
8613,
8614,1.8700653
8615,
8617,-2.0275093
8618,.24183904
8619,.13768159
8621,
8623,-1.0956694
8625,
8631,-1.8895781
8635,
8636,
8637,
8639,-1.7426124
8642,-1.4843717
8643,-.69557801
8647,-1.0438545
8654,
8655,
8656,-1.7426124
8657,-.05588286
8658,
8660,-.98673763
8662,
8665,-1.8895781
8666,
8667,-.69557801
8674,-1.6468932
8675,.28024726
8676,.73625596
8677,-.07063331
8683,-1.0438545
8684,.39807522
8686,
8690,1.4738582
8691,.13590633
8692,-1.3575005
8694,-.74765674
8702,
8704,
8706,-.07063331
8707,.39807522
8708,-.98673763
8709,1.2463864
8710,-.27894821
8714,.03352414
8718,-1.2799371
8719,-1.7426124
8721,.03352414
8724,.88955309
8734,
8736,
8738,
8739,-.12271203
8741,
8742,
8746,-1.4293992
8747,-1.5452461
8750,.73625596
8753,-1.0601291
8754,-1.4293992
8755,-1.8895781
8756,.65846884
8757,-.69557801
8758,-.43518439
8759,-1.2799371
8760,.85122553
8761,-1.7426124
8763,.45793564
8764,1.8700653
8770,-.18675712
8771,-1.7426124
8772,-1.7426124
8773,1.0139247
8776,-1.6468932
8777,
8779,
8783,
8786,-1.0956694
8788,.40802672
8789,-.53934184
8794,-.33102694
8795,-.07063331
8798,.08560287
8799,.45793564
8800,-.17479076
8801,-.90389291
8802,
8803,-.90389291
8804,.29391777
8807,.24183904
8811,.29391777
8816,-.27894821
8817,
8819,
8820,
8823,-1.7426124
8824,-.01855458
8825,-1.0601291
8828,
8833,
8834,
8835,1.4738582
8836,-.07063331
8838,-.07063331
8839,-1.2799371
8841,-.38310566
8842,-1.4293992
8843,-1.0601291
8846,-.79455469
8847,-.34185336
8849,-.53934184
8852,-.85181419
8854,
8855,-.27894821
8857,
8858,
8862,-1.6468932
8864,-2.0275093
8868,-.38310566
8869,
8872,
8877,1.6213015
8878,.71054757
8879,.3511129
8880,
8885,-1.1158243
8886,-1.4843717
8890,
8892,-1.1788685
8893,1.4290514
8895,-1.3575005
8900,-.01855458
8901,.03352414
8903,.3511129
8907,-1.239251
8908,-.69557801
8909,-.79455469
8910,-.51128404
8911,-.34185336
8913,
8914,-.42114595
8918,.28024726
8921,-1.0956694
8928,-.4841997
8930,
8932,.13768159
8933,-.69557801
8934,.45015394
8939,-1.7426124
8940,-.74765674
8942,-1.7426124
8943,-1.4293992
8945,
8948,-.98673763
8949,1.7521221
8952,-.69557801
8955,-.645625
8956,.32974057
8957,1.8042008
8958,
8959,
8960,-.33102694
8963,-1.2799371
8965,
8967,
8970,-1.0438545
8971,-.79455469
8977,
8978,1.3354923
8979,.61334854
8982,.24183904
8983,.03352414
8984,-.33102694
8985,.24183904
8986,.81470502
8990,-1.6468932
8992,1.9306429
8995,-1.2799371
8996,-1.7426124
8999,-.38310566
9000,-1.4843717
9005,-.22686948
9006,-.58170149
9007,
9009,1.1865527
9010,.39807522
9013,
9017,-.05588286
9019,-.4841997
9020,1.7105662
9021,-.17479076
