ID,asvabMath_std
2,.30113181
5,
7,-2.3823522
9,
10,
12,
13,.78743181
14,
16,.33224246
18,-1.6617794
19,
20,-1.0841505
21,-1.2080508
22,-.4096138
24,-.69924698
26,-.78660014
27,-.48442928
30,.19786372
31,1.4948918
35,-.49059388
39,-1.4591664
42,1.053866
44,-.32439728
46,
51,.45076277
52,-.10516033
57,
58,-1.3316543
60,-2.0147429
62,.52389884
64,.26372428
65,-.57739008
66,
67,
68,
70,.41335482
71,
73,
74,
75,
76,.30113181
79,-.83114832
80,-.83114832
82,.45076277
83,-.61391744
85,.19786372
87,1.1897688
88,-1.3316543
89,1.0118778
90,
92,
93,-1.4591664
95,-.49059388
96,
97,1.053866
98,.33224246
99,
105,1.1615084
106,-.32439728
108,.52389884
113,1.3647679
116,
117,
118,
119,-.88803811
120,
121,.78743181
122,.7053207
123,
124,
126,.4881703
131,1.3647679
132,1.4587929
133,1.6852159
134,
135,1.4233619
138,.33224246
140,.60158471
143,1.4233619
144,.39470692
145,.00187072
146,-.9627333
150,-.57739008
152,-.48442928
154,1.7226234
155,1.820733
156,1.023466
158,1.023466
161,-1.5707905
163,
165,.7053207
167,
168,-.37579629
172,1.820733
174,
176,1.6446131
180,1.7756929
184,1.1241009
185,-.61391744
187,1.335769
190,.86224687
191,1.0118778
195,.26372428
196,
199,.46339249
200,
202,.33224246
206,
209,
210,
212,.59139815
215,
218,
219,.10879433
220,1.0909649
222,.52389884
223,1.1897688
225,-.28455516
228,-.37579629
230,.33853976
231,
232,.16903611
233,
237,.37594729
239,
242,.39470692
244,
246,1.1615084
247,1.6042555
249,.90424231
250,-.49059388
251,.22992218
254,.56298622
256,
257,
258,.22992218
259,.72446819
260,-.07294476
261,-.33479832
262,-1.2080508
263,-.57739008
264,.13775636
265,-.57739008
268,-.33479832
275,
277,
278,.39470692
279,
280,
281,.81735792
282,-1.2598411
283,1.053866
285,-.2225753
287,-.14776025
294,.16903611
297,-.75709699
299,.03927825
304,.46339249
308,-.69924698
311,1.023466
314,1.8722544
316,.4881703
318,-.54117737
321,-.25471253
323,1.2338229
324,
325,-.12232273
328,1.1615084
329,.39470692
330,-.49059388
332,1.4948918
336,.97446945
337,1.6446131
340,-.00602809
341,1.3050462
342,
343,
344,
345,
346,.37594729
347,
348,
349,
350,
357,
358,
360,
361,
367,.26372428
369,-2.3823522
370,
372,.30113181
375,1.6042555
376,
378,
380,-.4096138
381,
384,
385,-1.8444385
386,.56298622
391,
392,1.6446131
393,-.48442928
394,.7053207
395,
396,.46339249
397,
398,
399,1.023466
401,1.1615084
404,-.48442928
405,1.4587929
408,.19786372
410,-.88803811
412,-.83114832
413,
418,
419,1.6042555
420,
421,
422,
427,-1.0841505
429,-1.0041868
430,
432,-.43324988
434,-.4096138
438,-.83114832
440,-.07294476
441,-1.8444385
443,
445,
446,
451,
454,.63780042
455,
456,.60158471
457,
458,
463,
466,-1.5707905
471,-1.0041868
475,-1.2080508
476,
481,
482,-.69924698
483,1.6042555
485,
487,-2.1925354
490,1.6852159
491,-.43324988
493,
495,
496,
500,-.00602809
501,-.54117737
502,.52389884
503,.13775636
505,.60158471
506,.63780042
508,-1.2598411
510,
511,-.28455516
513,
516,-.78660014
517,
520,
521,
522,-.83114832
524,.41335482
525,
526,
527,1.4948918
536,-.69924698
537,-1.6617794
539,
543,1.1241009
544,1.7756929
545,-.75709699
546,1.820733
547,1.6852159
549,
550,1.7226234
551,1.2338229
552,.78743181
553,-.49059388
554,-.17209199
555,1.335769
558,
561,.13775636
563,-1.4024812
564,1.4233619
565,1.3647679
567,.46339249
568,.00187072
569,-.25471253
571,-2.0147429
572,.78743181
575,
576,-.61391744
577,.72446819
578,.33853976
580,-.28455516
581,.82483934
586,.00187072
588,-2.3823522
589,-1.4024812
590,1.8722544
598,-.4096138
600,-.83114832
603,-.69924698
606,.86224687
608,.10879433
611,1.0909649
612,1.4587929
613,1.1615084
616,1.6852159
618,.7053207
619,-.9627333
620,
621,
623,
625,
627,1.3859544
628,1.1241009
630,1.4233619
631,1.4587929
636,
638,1.7756929
640,-.0410661
642,1.0909649
643,1.1615084
644,
645,
646,
647,-.43324988
648,-.49059388
649,1.0118778
653,.93885137
656,
657,
659,.46339249
661,-.54117737
662,-1.8444385
663,
664,-.65300653
665,
669,.81735792
670,
671,
673,.67197838
678,
680,.7053207
683,-.48442928
685,-1.3316543
687,-.49059388
688,-.28455516
690,
691,
692,
694,.5537907
695,
696,
697,
699,
701,-1.6617794
702,
706,-.17209199
711,.72446819
712,-1.0841505
714,
716,.00187072
717,-1.6617794
718,
719,1.0909649
720,.37594729
722,1.4587929
723,.22992218
724,1.6446131
726,1.7756929
729,.82483934
731,1.820733
737,1.1897688
738,1.4948918
743,1.7756929
744,1.4233619
745,1.6446131
746,1.7226234
747,
750,-2.0147429
752,-1.4591664
753,
754,.63780042
758,1.6446131
759,1.5440317
761,-.75709699
763,1.7226234
764,-1.0041868
765,.13775636
766,.33224246
768,-.61391744
773,.00187072
775,
776,
779,
780,
781,
783,
784,
785,1.0118778
786,
787,
788,1.2338229
789,-.32439728
790,
792,
793,
794,1.2338229
798,1.8722544
799,
800,1.5440317
803,
804,
805,.56298622
806,-.69924698
808,-.32439728
810,-.32439728
817,-.65300653
819,.33853976
820,-.49059388
823,
826,
827,1.2338229
830,
831,1.053866
834,
836,
837,-.57739008
842,.22992218
843,.72446819
845,1.4233619
847,.72446819
852,.03927825
856,-.4096138
859,-.65300653
860,.4881703
861,.45076277
865,1.4948918
866,
867,
870,.03927825
872,.33224246
874,-.9627333
877,
882,
884,.22992218
885,-.9627333
886,1.3050462
889,
890,.30113181
891,-1.0041868
893,-.57739008
894,.5537907
895,-.43324988
898,1.4948918
900,-.43324988
903,-1.4024812
909,-1.3009289
911,-1.4591664
914,-.48442928
917,
918,1.8722544
921,
926,
927,
929,1.7756929
936,-.61391744
937,.75851944
938,-.14776025
940,1.7756929
942,.78743181
943,-.49059388
946,.60158471
953,-.2225753
956,.93885137
957,1.3859544
958,.45076277
959,-1.6617794
960,-.07294476
962,-.2225753
963,1.8722544
968,
970,.67197838
972,1.7226234
973,1.0118778
974,1.820733
975,-.28455516
976,-.93332134
977,-.75709699
978,1.820733
980,1.0909649
981,-1.0041868
982,1.023466
987,.26372428
990,.4881703
991,
994,1.0118778
997,1.3647679
998,-.9627333
999,-.32439728
1000,-.78660014
1001,-.07294476
1002,.19786372
1004,-.14776025
1005,-.57739008
1006,-1.0041868
1007,.41335482
1009,1.5440317
1011,1.7226234
1012,1.3647679
1013,.86224687
1014,.82483934
1015,1.053866
1016,1.0118778
1018,1.1897688
1019,1.6852159
1020,-.78660014
1025,.81735792
1026,.45076277
1027,-1.0841505
1028,1.0118778
1030,.4881703
1031,-.75709699
1032,-.37579629
1034,-1.3009289
1036,
1037,-1.6617794
1038,
1041,-2.1925354
1044,-1.6617794
1046,-2.0147429
1049,-.9627333
1051,-2.0147429
1053,-.07294476
1058,
1059,
1062,-1.0841505
1063,-.4096138
1065,-.65300653
1068,-.49059388
1069,
1071,.81735792
1072,
1074,1.4587929
1078,-.43324988
1079,
1081,1.5440317
1085,-.61391744
1086,1.7756929
1089,1.023466
1090,1.4233619
1093,-1.2080508
1094,-.32439728
1095,.45076277
1097,-.93332134
1106,
1108,.26372428
1110,
1111,
1112,
1113,1.6852159
1115,.13775636
1117,.72446819
1122,1.7226234
1124,-.28455516
1125,
1126,1.1897688
1129,1.6852159
1130,-.00602809
1131,-.43324988
1135,.41335482
1136,
1137,
1140,1.6852159
1141,
1142,.7053207
1147,
1150,.4881703
1155,.67197838
1157,.39470692
1158,
1159,
1161,-1.4024812
1162,.97446945
1163,1.3050462
1164,.93885137
1167,.78743181
1168,.19786372
1170,1.7226234
1171,.90424231
1172,
1174,
1176,-.88803811
1178,1.7756929
1179,.56298622
1180,.41335482
1183,.86224687
1184,-.25471253
1185,1.1241009
1186,1.7756929
1189,.78743181
1191,1.1241009
1192,-.07294476
1193,1.6042555
1195,
1196,
1198,-1.6617794
1199,1.4948918
1201,-.88803811
1202,.22992218
1204,-1.8444385
1207,
1208,-.54117737
1210,-1.4591664
1211,-.33479832
1213,-1.6617794
1214,-2.0147429
1215,
1217,-1.0841505
1218,-.78660014
1219,-1.0841505
1221,
1222,-.78660014
1224,
1226,.07315056
1228,-.0410661
1230,1.0118778
1231,1.1897688
1232,.26372428
1233,.7053207
1234,1.2338229
1235,1.6852159
1236,
1237,-.54117737
1239,1.6446131
1240,.19786372
1244,
1247,1.5440317
1250,1.335769
1251,1.7756929
1252,.52389884
1255,
1259,-.00602809
1260,
1261,-.9627333
1262,-.10516033
1263,
1264,.16903611
1267,1.8722544
1270,.16903611
1272,
1273,-.25471253
1277,.19786372
1278,1.5440317
1279,1.2338229
1280,-.14776025
1281,1.5440317
1283,.75851944
1284,
1286,1.023466
1287,-.2225753
1288,1.6042555
1289,
1291,
1293,.59139815
1294,.22992218
1297,.33224246
1298,-1.3009289
1299,-.69924698
1300,1.5440317
1301,.07315056
1304,1.3647679
1305,1.4948918
1310,
1318,-2.1925354
1320,
1321,-1.0841505
1323,.97446945
1326,-.78660014
1332,1.3647679
1335,1.5440317
1336,1.6042555
1339,1.3050462
1341,.60158471
1342,.46339249
1343,
1346,
1348,-.2225753
1349,-.2225753
1351,-.93332134
1352,-1.4024812
1353,-.49059388
1359,
1360,1.053866
1361,1.7226234
1363,
1364,-.75709699
1365,
1366,
1367,1.4233619
1371,1.7226234
1373,1.023466
1374,
1376,
1377,-1.3316543
1378,-.28455516
1381,
1382,.72446819
1383,
1390,-.07294476
1394,-.28455516
1395,-.75709699
1396,-1.6617794
1397,-.75709699
1400,-.28455516
1401,-.69924698
1402,
1404,.13775636
1405,
1406,.33224246
1407,-.00602809
1408,
1409,
1417,
1418,-.69924698
1421,1.8722544
1425,-1.5707905
1426,-1.3009289
1431,.30113181
1434,
1435,-.75709699
1439,-.9627333
1441,.10879433
1443,-.37579629
1446,.46339249
1447,1.7226234
1449,.10879433
1452,-.10516033
1455,1.3647679
1456,.81735792
1457,1.7756929
1458,
1460,1.6446131
1461,
1463,1.3647679
1465,.4881703
1468,.22992218
1469,
1471,
1473,.75851944
1474,
1478,.07315056
1481,-.00602809
1482,
1483,
1484,-.65300653
1485,.30113181
1486,.72446819
1488,.90424231
1491,1.6852159
1493,1.6042555
1503,.7053207
1505,-.07294476
1507,
1508,
1510,-.37579629
1514,-.69924698
1515,-.00602809
1518,1.4587929
1519,1.8722544
1520,-1.2598411
1522,1.4587929
1525,-.28455516
1529,
1530,-.10516033
1532,-.14776025
1535,-.65300653
1536,
1538,
1545,1.3647679
1547,.16903611
1548,.67197838
1549,1.3050462
1552,1.0909649
1553,
1554,
1555,
1556,1.0909649
1558,
1559,-.75709699
1560,.86224687
1561,
1562,-.9627333
1563,-.57739008
1564,
1569,
1570,1.023466
1572,.33224246
1573,1.023466
1578,.86224687
1579,
1580,-1.0041868
1581,
1583,
1586,-1.6617794
1589,.75851944
1591,
1596,-.93332134
1597,
1607,
1609,
1613,
1615,
1617,
1618,.82483934
1619,1.6042555
1620,1.053866
1621,
1623,1.820733
1625,
1626,
1627,1.023466
1628,1.6852159
1631,
1632,.46339249
1635,
1636,
1637,.78743181
1638,.90424231
1640,.72446819
1643,.82483934
1645,.81735792
1646,.00187072
1648,1.1615084
1649,-.0410661
1650,
1652,1.820733
1653,
1654,1.0118778
1655,
1656,
1659,-1.0041868
1661,
1662,
1664,.22992218
1665,1.0909649
1666,-.12232273
1667,.46339249
1668,.16903611
1675,.82483934
1676,.03927825
1678,1.053866
1681,1.335769
1683,.19786372
1685,
1687,
1688,
1692,1.3859544
1693,-.32439728
1694,1.6042555
1695,1.6446131
1696,.19786372
1699,
1700,-.07294476
1701,.13775636
1702,-1.4591664
1704,.03927825
1707,
1708,
1710,.63780042
1711,.7053207
1714,
1715,-1.1436539
1720,-1.4591664
1721,
1722,
1724,
1725,
1726,
1727,
1729,
1732,
1734,-.78660014
1735,1.1897688
1737,-.25471253
1738,.97446945
1740,
1741,
1744,-.12232273
1746,-1.3009289
1748,.16903611
1753,.60158471
1755,1.7756929
1757,.5537907
1758,.00187072
1759,
1762,
1763,
1764,
1765,-.0410661
1766,-.28455516
1767,
1768,-.61391744
1770,.13775636
1771,
1775,
1777,-1.0841505
1778,-.54117737
1779,-.93332134
1787,-.37579629
1788,-1.6617794
1790,-1.8444385
1791,-.37579629
1794,-1.3009289
1795,
1797,.30113181
1799,1.7226234
1802,-.12232273
1803,
1805,1.3050462
1807,.82483934
1808,
1809,1.1615084
1810,1.6446131
1811,-.37579629
1813,-.10516033
1815,.22992218
1816,-.88803811
1817,1.0118778
1819,.45076277
1820,1.4587929
1823,.13775636
1825,.67197838
1826,1.0118778
1827,-1.1436539
1828,1.1615084
1830,.75851944
1831,-1.0041868
1832,
1834,-1.2080508
1836,1.820733
1838,1.335769
1842,-1.2598411
1843,
1845,-.10516033
1847,1.3859544
1849,.4881703
1851,-.12232273
1852,
1853,1.3050462
1854,-.28455516
1857,1.053866
1859,.67197838
1861,1.6446131
1867,-.54117737
1868,-1.4024812
1869,.78743181
1871,-2.1925354
1872,-1.3009289
1873,.52389884
1878,
1879,-1.0041868
1881,
1882,.86224687
1885,
1886,-.12232273
1887,.81735792
1888,
1890,-.32439728
1891,-.9627333
1892,-.4096138
1895,-1.1436539
1896,.75851944
1902,-.88803811
1904,1.023466
1905,1.053866
1907,-1.2080508
1910,-.25471253
1911,-.14776025
1914,1.0909649
1915,
1918,1.0118778
1919,.22992218
1920,-1.2598411
1922,.97446945
1925,-.0410661
1927,
1929,.63780042
1931,
1933,1.7756929
1935,-2.1925354
1936,-.78660014
1937,1.1241009
1938,-.54117737
1943,1.3050462
1944,.33853976
1945,
1948,
1949,-1.0041868
1951,
1952,-1.5707905
1955,-1.2598411
1957,-.49059388
1958,-.9627333
1960,
1961,
1963,-.4096138
1965,.37594729
1966,-.88803811
1967,-.69924698
1968,-2.0147429
1970,1.023466
1973,.22992218
1974,.46339249
1975,1.335769
1976,-.49059388
1979,-.14776025
1981,
1982,.97446945
1985,1.2338229
1990,.59139815
1993,
1994,1.4948918
1996,1.1615084
1999,-.00602809
2000,-1.3009289
2003,-.33479832
2005,
2006,1.7756929
2009,-1.2598411
2010,.59139815
2013,-1.0841505
2014,
2018,-.57739008
2019,-2.3823522
2024,-1.3316543
2029,.7053207
2030,.90424231
2032,-1.8444385
2035,.82483934
2037,
2041,.7053207
2042,1.1615084
2043,.81735792
2045,
2046,-.17209199
2047,-1.0841505
2048,1.820733
2049,-.43324988
2050,.45076277
2051,1.6852159
2054,-.0410661
2057,.7053207
2058,1.0118778
2060,-.07294476
2062,1.8722544
2064,
2065,-1.0841505
2068,1.053866
2070,1.2338229
2071,1.2338229
2072,1.7756929
2073,.10879433
2074,-.25471253
2076,.60158471
2081,1.4948918
2082,-.9627333
2086,1.820733
2087,
2088,.86224687
2089,.56298622
2092,1.335769
2093,-1.5707905
2095,.52389884
2096,.81735792
2099,-.9627333
2100,-2.0147429
2108,-1.0841505
2110,
2111,-.75709699
2113,
2114,
2116,
2118,-.65300653
2119,-.54117737
2120,.19786372
2121,-.48442928
2122,-.54117737
2123,.86224687
2128,-.07294476
2129,1.335769
2130,1.3859544
2131,.13775636
2134,-.32439728
2136,.59139815
2137,-.48442928
2138,.41335482
2139,
2141,-.32439728
2144,-.10516033
2145,
2147,1.0909649
2149,
2150,-.78660014
2151,.60158471
2154,-1.2080508
2158,-2.3823522
2159,-.9627333
2161,
2162,1.7756929
2164,1.1897688
2165,.03927825
2166,-1.6617794
2167,.26372428
2168,1.4587929
2172,-.28455516
2173,.63780042
2175,
2178,-1.3316543
2181,
2182,1.6042555
2183,1.7226234
2185,.00187072
2186,
2187,1.4233619
2188,.33853976
2189,-.07294476
2190,.7053207
2193,1.7756929
2197,-.93332134
2199,.16903611
2200,1.3050462
2205,1.7226234
2206,1.4233619
2207,
2208,1.5440317
2209,1.0909649
2210,1.0909649
2211,.59139815
2212,1.3647679
2213,.86224687
2214,-1.4591664
2215,1.023466
2218,-.32439728
2220,
2221,.60158471
2224,
2225,-.57739008
2226,1.4587929
2227,
2228,
2229,-.43324988
2230,-.17209199
2233,.00187072
2234,-.0410661
2235,-.25471253
2237,.19786372
2238,-.88803811
2241,.00187072
2242,-.69924698
2246,
2250,.93885137
2251,.22992218
2252,1.8722544
2253,1.6446131
2254,-.07294476
2255,.67197838
2256,.41335482
2257,.86224687
2261,-.49059388
2262,.22992218
2264,-1.5707905
2266,.93885137
2267,.67197838
2269,.5537907
2272,.22992218
2273,.30113181
2274,
2275,.75851944
2276,
2278,-.14776025
2279,-.10516033
2281,
2282,
2285,-.25471253
2288,
2289,1.2338229
2290,1.3859544
2291,1.053866
2292,-.0410661
2294,
2295,-.4096138
2296,.75851944
2297,-.93332134
2300,-.37579629
2301,-1.0841505
2302,.5537907
2303,-.93332134
2305,1.6042555
2306,.22992218
2308,.90424231
2309,1.3647679
2310,.56298622
2312,.45076277
2313,1.8722544
2314,-.43324988
2315,-.93332134
2316,-.28455516
2319,.97446945
2325,.93885137
2326,-1.0041868
2327,.03927825
2328,1.820733
2329,1.4948918
2330,1.7756929
2331,.78743181
2333,.52389884
2338,1.335769
2341,.86224687
2342,1.6042555
2346,1.6042555
2349,.16903611
2350,1.5440317
2352,1.3859544
2355,
2357,
2358,
2360,.56298622
2361,
2362,.81735792
2363,1.1615084
2365,-2.0147429
2367,.03927825
2369,-.43324988
2370,
2371,.52389884
2372,-.14776025
2373,.33853976
2374,.19786372
2375,1.1241009
2376,1.820733
2377,1.820733
2379,-.28455516
2381,.82483934
2382,.78743181
2383,1.4233619
2384,1.0909649
2385,.59139815
2387,
2388,
2389,
2393,.56298622
2394,1.335769
2395,1.3050462
2397,.22992218
2398,-.61391744
2402,-.65300653
2404,-.33479832
2407,.86224687
2408,-.17209199
2409,-.4096138
2410,-.28455516
2411,-.75709699
2414,.86224687
2417,
2418,-.28455516
2419,-.9627333
2421,-.65300653
2422,1.1897688
2423,1.3050462
2425,.52389884
2428,
2429,
2431,.19786372
2434,1.6042555
2436,-.2225753
2439,1.4233619
2441,-.07294476
2442,-.2225753
2447,-.69924698
2449,
2451,
2453,
2455,-2.1925354
2458,1.1615084
2459,1.5440317
2460,1.6446131
2461,1.6446131
2463,.81735792
2466,1.4587929
2467,
2468,1.4587929
2469,
2470,1.5440317
2477,1.4233619
2479,.93885137
2480,1.8722544
2481,.33224246
2483,1.3647679
2484,-1.6617794
2485,1.4587929
2487,.78743181
2490,
2492,1.4233619
2496,1.4948918
2497,.4881703
2498,
2499,
2500,-1.0841505
2503,1.1615084
2506,-.65300653
2507,-.93332134
2508,.60158471
2511,
2513,.72446819
2514,1.6852159
2515,1.3859544
2516,
2517,
2519,
2520,-.88803811
2522,1.7226234
2523,.60158471
2524,.45076277
2525,.41335482
2526,
2527,1.820733
2530,
2533,
2534,
2535,-1.2598411
2536,.81735792
2537,
2541,
2542,.41335482
2545,-.78660014
2546,
2548,
2552,.97446945
2558,1.4587929
2560,-.00602809
2562,1.053866
2563,-.17209199
2564,.39470692
2566,
2568,.03927825
2569,.82483934
2573,-.0410661
2574,-.75709699
2575,.78743181
2576,.26372428
2578,1.4948918
2581,1.4587929
2584,.03927825
2585,
2589,.52389884
2591,.86224687
2593,.46339249
2594,1.6042555
2595,.81735792
2596,.41335482
2597,.67197838
2598,.39470692
2602,-2.0147429
2603,1.3050462
2604,
2605,-.37579629
2606,.63780042
2608,-.4096138
2609,.56298622
2611,.75851944
2613,.97446945
2614,1.6852159
2615,.78743181
2616,1.8722544
2618,1.3647679
2622,-.10516033
2623,-.10516033
2624,1.4233619
2627,-1.8444385
2628,.67197838
2629,-.78660014
2630,-1.0841505
2631,-.69924698
2633,
2637,1.820733
2641,-2.0147429
2643,-.37579629
2644,-1.1436539
2648,-1.4591664
2649,-1.8444385
2651,-.54117737
2652,1.3859544
2658,1.1615084
2660,-.48442928
2661,.72446819
2662,.67197838
2665,.45076277
2666,-.54117737
2668,1.0118778
2673,.33853976
2676,.90424231
2677,.93885137
2678,.26372428
2682,.81735792
2683,.90424231
2688,-.0410661
2689,.7053207
2690,-1.1436539
2692,-.78660014
2693,-.14776025
2694,
2695,-1.3009289
2696,.10879433
2697,-1.4591664
2700,-.0410661
2701,1.0118778
2702,.33224246
2703,.59139815
2704,-.83114832
2706,-.14776025
2710,1.8722544
2711,1.3050462
2713,-1.4591664
2714,1.820733
2715,-1.6617794
2716,
2719,-1.3316543
2721,-.83114832
2727,.26372428
2728,
2730,1.6446131
2731,1.820733
2732,.56298622
2733,1.1897688
2735,-1.4024812
2736,-.88803811
2737,1.0118778
2738,.59139815
2741,.63780042
2742,.03927825
2743,-.33479832
2747,-.93332134
2752,-.78660014
2753,.13775636
2755,1.1241009
2756,
2758,1.1615084
2759,-.61391744
2761,.7053207
2762,.30113181
2765,1.023466
2766,-1.4024812
2773,
2774,
2775,.82483934
2776,1.023466
2778,1.3859544
2779,.97446945
2786,
2788,.67197838
2789,
2790,
2791,1.4233619
2794,
2795,
2798,-.65300653
2799,.78743181
2800,-.9627333
2807,1.1615084
2808,
2810,-.9627333
2813,-.0410661
2814,-2.3823522
2819,.7053207
2822,
2823,
2825,-2.3823522
2829,1.023466
2830,
2831,
2833,.56298622
2835,-.07294476
2846,
2850,
2851,.7053207
2854,-.75709699
2857,
2858,.63780042
2860,-1.0041868
2862,.97446945
2863,-.37579629
2866,-.32439728
2867,-1.4024812
2868,
2871,.46339249
2872,.56298622
2873,1.7226234
2874,1.8722544
2875,1.053866
2876,1.4233619
2880,1.2338229
2881,1.7226234
2882,
2883,.82483934
2884,.33853976
2886,.39470692
2888,1.6042555
2890,.07315056
2891,-.78660014
2893,
2895,-1.4024812
2896,.19786372
2897,-1.3316543
2898,.46339249
2899,-.07294476
2900,.78743181
2901,-1.0841505
2904,-.9627333
2906,.52389884
2907,.39470692
2908,.67197838
2910,1.3859544
2911,-.12232273
2915,.45076277
2916,.41335482
2917,.07315056
2918,1.5440317
2919,.41335482
2920,
2921,.13775636
2923,
2925,-.93332134
2926,-.65300653
2930,.22992218
2931,
2938,1.8722544
2939,1.4587929
2941,.46339249
2945,1.2338229
2947,-1.4024812
2949,-.88803811
2950,.67197838
2951,.82483934
2954,-.28455516
2955,-1.8444385
2957,1.0909649
2959,-1.6617794
2960,
2963,-.17209199
2964,
2965,.81735792
2967,-1.0041868
2968,-1.0841505
2969,.63780042
2971,-.75709699
2972,-.4096138
2973,
2975,.16903611
2976,1.3050462
2977,.03927825
2978,.75851944
2979,1.5440317
2980,.82483934
2981,1.4948918
2983,-.00602809
2984,.37594729
2988,.97446945
2990,.86224687
2992,1.3050462
2993,
2994,-1.0841505
2995,1.335769
2996,-2.0147429
2999,
3001,.46339249
3003,-.28455516
3004,1.8722544
3008,-.61391744
3011,
3015,-.00602809
3016,1.0118778
3019,1.335769
3020,.03927825
3024,-.69924698
3027,.56298622
3032,.5537907
3033,-2.0147429
3034,-.61391744
3035,-.9627333
3036,
3038,1.1897688
3042,.72446819
3043,.93885137
3044,
3048,.13775636
3053,-.07294476
3055,-.57739008
3056,.10879433
3057,-.32439728
3058,
3059,1.6446131
3061,-.48442928
3063,-.78660014
3064,.26372428
3065,-1.8444385
3068,.22992218
3069,
3072,1.0909649
3074,.63780042
3075,.33853976
3076,1.0118778
3077,.7053207
3080,-1.3009289
3082,.22992218
3084,1.7226234
3088,
3089,.4881703
3090,.07315056
3091,.75851944
3092,1.1615084
3094,
3095,
3097,-.25471253
3098,-2.1925354
3101,
3102,-.69924698
3103,-1.4024812
3104,
3106,
3107,.41335482
3108,-2.3823522
3109,
3110,-1.0841505
3111,
3113,-.17209199
3114,
3119,
3120,1.5440317
3121,1.4948918
3122,-1.4024812
3127,-.48442928
3128,.45076277
3130,-.61391744
3131,.72446819
3135,-1.1436539
3136,.72446819
3137,.07315056
3138,.81735792
3139,-1.0841505
3141,1.3050462
3142,1.4587929
3143,1.1241009
3145,1.3647679
3146,1.1241009
3147,1.3859544
3149,.33853976
3150,-.14776025
3152,
3154,1.1897688
3156,1.3050462
3157,
3158,
3163,.33853976
3167,1.1897688
3171,1.7226234
3172,-2.0147429
3173,-.78660014
3174,-.61391744
3176,.90424231
3181,.86224687
3184,.33853976
3187,.41335482
3191,-.54117737
3193,.45076277
3194,1.3647679
3197,1.4233619
3198,1.4948918
3201,.00187072
3202,-.78660014
3205,-1.8444385
3207,
3208,
3209,
3212,.97446945
3215,.30113181
3216,1.6042555
3217,
3219,.30113181
3220,.37594729
3222,1.6042555
3224,.03927825
3226,-1.2598411
3231,1.4948918
3234,-2.3823522
3244,1.8722544
3245,
3246,.67197838
3247,-.75709699
3253,-.65300653
3256,.97446945
3258,.13775636
3259,-.43324988
3260,-2.0147429
3262,
3263,-.14776025
3266,.10879433
3269,-2.0147429
3270,.46339249
3271,-.4096138
3273,.78743181
3274,-.83114832
3275,
3281,.63780042
3283,.63780042
3285,-.0410661
3286,
3287,.78743181
3289,-1.5707905
3290,-.78660014
3293,1.0909649
3294,
3299,-2.1925354
3300,.22992218
3301,
3304,
3305,-.83114832
3309,
3310,.37594729
3311,.13775636
3314,
3315,.90424231
3321,.75851944
3322,-.17209199
3325,.22992218
3327,
3328,-.61391744
3330,
3332,.56298622
3333,-.83114832
3335,-.65300653
3336,
3338,
3340,-1.3009289
3341,1.1897688
3343,-1.0041868
3344,-.88803811
3347,.75851944
3350,-.75709699
3351,-.10516033
3352,-.83114832
3354,-.54117737
3356,
3359,
3362,
3366,.33853976
3367,-1.3316543
3369,
3370,-.54117737
3372,-.78660014
3373,-.9627333
3374,1.3647679
3378,.46339249
3379,1.3050462
3382,-2.3823522
3384,-1.0041868
3385,-.83114832
3386,.60158471
3387,-.65300653
3388,1.1615084
3389,-.25471253
3390,-.12232273
3392,-2.0147429
3394,
3395,
3396,.22992218
3399,-.33479832
3400,-.37579629
3407,-1.4591664
3409,-.00602809
3412,
3418,.67197838
3419,.67197838
3421,
3424,-1.3009289
3425,-.78660014
3433,
3434,.52389884
3435,1.1241009
3436,-1.1436539
3439,-.43324988
3440,-2.1925354
3446,-.10516033
3447,-.07294476
3448,1.3647679
3449,.26372428
3450,-.2225753
3451,.00187072
3454,1.3859544
3456,1.6446131
3457,1.3050462
3458,1.820733
3459,-.75709699
3464,.45076277
3465,-.4096138
3466,-.37579629
3467,.39470692
3468,1.5440317
3469,-.57739008
3471,1.2338229
3472,1.3859544
3473,-1.4591664
3474,.4881703
3476,.00187072
3482,.86224687
3485,.63780042
3486,1.3647679
3487,.45076277
3491,
3493,-1.4591664
3495,-.33479832
3496,1.1241009
3499,-.32439728
3500,-1.3009289
3502,-.69924698
3505,-1.4591664
3508,-1.5707905
3509,-1.4591664
3511,-.10516033
3513,-.83114832
3514,
3515,1.6042555
3516,-.4096138
3518,-.69924698
3520,.30113181
3523,.78743181
3525,
3528,-.69924698
3530,1.3859544
3533,-.14776025
3538,.19786372
3539,-.0410661
3543,-2.0147429
3544,1.1241009
3545,-.93332134
3546,-.37579629
3547,-.65300653
3549,.67197838
3551,-.32439728
3554,.4881703
3556,1.7226234
3557,.63780042
3558,1.4233619
3559,.72446819
3560,.93885137
3563,.63780042
3564,-.57739008
3565,-.9627333
3568,.67197838
3569,.22992218
3570,-.32439728
3571,-1.5707905
3572,
3573,-1.4024812
3574,1.820733
3580,-1.3316543
3582,.5537907
3584,.93885137
3587,1.1241009
3589,.75851944
3591,-.61391744
3592,
3599,.78743181
3602,-.9627333
3603,-.78660014
3605,.63780042
3606,.81735792
3609,-.43324988
3610,
3616,
3618,
3620,-.57739008
3621,
3622,
3623,-.54117737
3625,1.8722544
3626,.56298622
3629,
3630,-.07294476
3632,.46339249
3635,-1.6617794
3636,-1.5707905
3640,1.023466
3642,.41335482
3643,.52389884
3645,.93885137
3646,.4881703
3647,-.07294476
3649,-1.3009289
3650,
3651,
3652,
3653,
3654,
3656,-.65300653
3657,
3658,
3659,
3660,1.1615084
3663,1.2338229
3664,-.61391744
3665,-1.4591664
3666,.07315056
3668,
3669,
3671,
3672,
3674,
3675,
3676,
3679,.63780042
3680,
3683,-1.4591664
3684,.5537907
3685,
3686,
3687,-.32439728
3690,-1.4024812
3692,-.93332134
3693,-.28455516
3695,-.75709699
3698,
3701,-.78660014
3702,
3706,1.023466
3707,-2.1925354
3709,-.65300653
3714,1.4587929
3715,-1.6617794
3719,-1.2080508
3721,
3723,.86224687
3724,
3725,1.7756929
3728,.86224687
3731,1.6042555
3732,-.43324988
3733,-1.0041868
3734,-1.0841505
3737,-1.2080508
3738,1.1897688
3743,
3746,.07315056
3749,-.78660014
3750,-2.3823522
3755,-.57739008
3757,
3759,-.37579629
3760,-.54117737
3762,.93885137
3763,-1.3316543
3768,1.1897688
3769,1.4948918
3770,1.820733
3772,.16903611
3773,.10879433
3777,1.1897688
3780,-.2225753
3781,.56298622
3783,-.93332134
3785,-.17209199
3787,1.6042555
3788,.03927825
3790,-.93332134
3792,.46339249
3793,-.07294476
3794,
3795,-.12232273
3796,-.61391744
3797,-2.0147429
3800,.72446819
3802,-.48442928
3805,.52389884
3808,-1.8444385
3809,.97446945
3811,-.78660014
3813,
3814,-.37579629
3816,1.4587929
3817,
3826,
3827,-1.5707905
3829,-1.2598411
3831,-1.4591664
3834,
3835,
3836,
3839,.63780042
3840,-2.1925354
3844,.03927825
3845,.37594729
3848,1.0118778
3849,-.10516033
3850,1.820733
3851,.10879433
3852,1.053866
3854,-.07294476
3857,-.33479832
3858,
3859,-1.0041868
3860,.52389884
3863,-.37579629
3871,-1.2080508
3872,-1.8444385
3876,-1.2598411
3877,
3878,1.053866
3880,
3881,.30113181
3882,.00187072
3884,.5537907
3886,-1.5707905
3888,.03927825
3889,
3892,-1.1436539
3893,
3895,1.820733
3896,1.5440317
3898,
3902,-.75709699
3903,-.32439728
3904,.00187072
3908,
3910,
3914,
3915,.52389884
3917,-.49059388
3918,-2.0147429
3921,-1.5707905
3923,-1.5707905
3929,-.28455516
3931,
3936,-.14776025
3938,1.023466
3942,
3944,1.6446131
3946,
3947,-.10516033
3949,-1.6617794
3950,
3951,-.48442928
3953,.26372428
3956,1.1241009
3957,1.023466
3958,-.32439728
3959,.13775636
3960,.93885137
3961,1.0909649
3962,.56298622
3967,1.4233619
3969,
3974,-.61391744
3980,1.335769
3981,-.61391744
3986,
3987,.59139815
3988,1.6446131
3991,-.14776025
3993,-.17209199
3994,.75851944
3995,
3996,-1.8444385
3997,-.88803811
3998,-.54117737
4001,
4002,1.3647679
4003,
4004,1.4948918
4005,.45076277
4006,-.28455516
4007,
4008,1.1615084
4009,.86224687
4011,1.7756929
4013,1.4948918
4014,.5537907
4016,1.053866
4021,.75851944
4025,-.07294476
4029,-.25471253
4030,.33224246
4031,-.0410661
4033,.26372428
4037,.46339249
4038,-.32439728
4041,.93885137
4043,-1.3009289
4044,-1.0841505
4045,
4048,-2.1925354
4050,.78743181
4051,.30113181
4054,.26372428
4056,
4057,1.053866
4059,-.32439728
4063,.00187072
4064,1.4587929
4065,.5537907
4066,-2.0147429
4068,
4070,
4072,1.1615084
4073,-.25471253
4077,-.78660014
4079,-.83114832
4080,.45076277
4084,.81735792
4085,
4086,
4087,.60158471
4095,
4096,
4097,.7053207
4100,1.4233619
4101,
4106,-1.8444385
4107,
4108,-.4096138
4109,.5537907
4110,.26372428
4112,.90424231
4113,1.4948918
4119,-1.4024812
4120,.13775636
4121,-.4096138
4123,-.14776025
4125,.26372428
4126,-.28455516
4128,1.0909649
4129,.72446819
4131,1.5440317
4133,.56298622
4134,-.17209199
4139,1.023466
4142,-.28455516
4144,-.25471253
4149,.78743181
4150,.52389884
4152,-.32439728
4153,.45076277
4154,
4155,
4156,.59139815
4158,1.7756929
4160,1.7226234
4161,.4881703
4162,-1.1436539
4165,1.1241009
4166,.00187072
4168,-.10516033
4171,-1.3009289
4172,-1.4591664
4173,-.57739008
4176,-.75709699
4179,-1.4024812
4180,-1.2080508
4181,-.93332134
4184,-2.0147429
4187,1.0909649
4188,.93885137
4189,
4190,.72446819
4192,.16903611
4193,1.820733
4196,-.75709699
4198,.90424231
4199,.93885137
4202,1.0909649
4204,.86224687
4205,.19786372
4208,1.3859544
4209,-2.1925354
4211,-.28455516
4214,1.4948918
4217,.97446945
4221,-.65300653
4222,
4225,
4226,
4228,
4230,
4232,
4233,
4237,-.10516033
4239,.30113181
4240,.33224246
4243,
4244,
4245,-1.2598411
4247,-.78660014
4251,
4252,-.93332134
4256,1.7226234
4258,-1.4591664
4259,.45076277
4261,-1.5707905
4263,.56298622
4265,1.6852159
4266,.19786372
4267,1.3050462
4268,-1.3316543
4269,-1.1436539
4270,-.93332134
4274,.30113181
4275,-.14776025
4277,1.3050462
4278,1.0909649
4279,1.6852159
4280,.78743181
4284,-.88803811
4285,-.93332134
4286,.56298622
4288,1.1897688
4289,
4291,.10879433
4292,
4294,.93885137
4295,1.820733
4296,1.7226234
4299,.39470692
4300,1.0909649
4302,
4305,.93885137
4307,-.9627333
4310,-1.2080508
4311,.97446945
4312,1.335769
4313,.03927825
4317,-.65300653
4320,-1.3009289
4321,-2.3823522
4322,.60158471
4323,
4326,.03927825
4328,-.33479832
4329,-.93332134
4331,-.14776025
4332,-1.4024812
4334,-1.3316543
4337,-1.1436539
4339,-.93332134
4341,-.14776025
4342,-1.8444385
4344,-1.3009289
4347,-.07294476
4349,.41335482
4352,-.49059388
4354,-.88803811
4356,-1.8444385
4359,.4881703
4360,
4362,-.0410661
4363,-.10516033
4364,-1.2080508
4374,-1.4591664
4378,.07315056
4379,-.78660014
4381,.60158471
4383,.03927825
4385,-1.3316543
4386,-1.3316543
4387,-1.0841505
4389,-1.0841505
4390,-2.0147429
4396,-.75709699
4397,-.78660014
4401,-1.5707905
4402,-.65300653
4403,-1.3009289
4405,1.335769
4407,.75851944
4411,-.9627333
4413,.60158471
4415,-.00602809
4416,-.25471253
4420,
4421,
4422,
4424,-.54117737
4425,-1.6617794
4426,.19786372
4432,-1.3009289
4436,.03927825
4437,-.33479832
4440,
4441,1.335769
4444,.59139815
4445,1.5440317
4446,-.4096138
4448,1.7226234
4450,1.1241009
4451,1.053866
4453,-.00602809
4454,-2.0147429
4455,1.5440317
4456,.52389884
4457,.97446945
4458,1.7756929
4460,.97446945
4463,-1.2598411
4464,-.49059388
4466,-1.4591664
4468,.00187072
4472,-.10516033
4475,-.54117737
4477,.39470692
4479,.03927825
4481,.90424231
4482,-.33479832
4483,-.88803811
4484,.03927825
4485,
4486,
4489,-1.3009289
4491,-.78660014
4492,-1.0041868
4494,-.75709699
4497,-1.2080508
4498,
4500,-1.3316543
4502,-1.4024812
4503,-1.0841505
4505,
4506,.33853976
4507,.33224246
4509,
4511,-.61391744
4513,-.14776025
4514,.41335482
4515,-.32439728
4516,1.335769
4518,
4519,-1.4024812
4520,.22992218
4522,1.1241009
4525,1.7756929
4526,-.14776025
4527,-.4096138
4528,1.3647679
4530,-.88803811
4533,1.3647679
4535,.30113181
4537,1.6446131
4540,.93885137
4543,-.10516033
4544,-.75709699
4545,-1.2080508
4546,-.61391744
4547,1.820733
4551,-.32439728
4555,.16903611
4562,-2.0147429
4564,1.053866
4567,-.69924698
4569,-.4096138
4570,-.0410661
4571,-.9627333
4572,
4573,.07315056
4574,.81735792
4576,
4577,
4580,1.2338229
4582,1.1615084
4585,
4586,.56298622
4587,.52389884
4589,-.25471253
4591,.82483934
4592,.56298622
4596,.19786372
4600,.86224687
4602,.41335482
4604,
4606,-1.3316543
4609,-.10516033
4613,-.00602809
4614,1.053866
4615,.19786372
4616,
4617,.33224246
4622,1.1241009
4623,.07315056
4624,-1.6617794
4625,-2.0147429
4627,-2.1925354
4629,.82483934
4631,.60158471
4632,.03927825
4636,1.053866
4637,
4638,-.28455516
4639,-1.2598411
4640,-1.8444385
4641,-.4096138
4642,-.25471253
4643,1.7756929
4644,1.3647679
4645,
4646,
4653,-.43324988
4654,-.32439728
4659,
4660,1.3647679
4661,.4881703
4663,1.3859544
4665,
4666,.41335482
4668,-.4096138
4669,-1.0041868
4679,.59139815
4680,-.33479832
4681,-1.3316543
4682,-2.1925354
4690,1.053866
4691,-.48442928
4692,
4693,.19786372
4701,-1.5707905
4702,1.1615084
4703,-1.0041868
4705,
4709,-.65300653
4710,.81735792
4712,-1.8444385
4713,-2.1925354
4717,-1.0841505
4724,.4881703
4727,-2.1925354
4731,1.7756929
4734,-1.5707905
4735,
4736,.16903611
4737,-.43324988
4740,.13775636
4743,.26372428
4744,
4745,.07315056
4746,.56298622
4749,-.54117737
4750,.33853976
4751,1.0909649
4752,-.83114832
4759,1.3859544
4762,-.75709699
4763,1.7226234
4764,
4765,.26372428
4766,
4769,
4774,.00187072
4776,.90424231
4780,
4781,-1.8444385
4782,
4787,1.0909649
4788,1.4587929
4790,1.053866
4791,
4793,
4794,
4798,.7053207
4799,.60158471
4800,-.88803811
4803,-.65300653
4805,.37594729
4808,
4810,-1.2080508
4813,.60158471
4814,1.7756929
4817,1.3050462
4818,1.1897688
4819,.81735792
4820,1.6446131
4824,-1.0041868
4826,1.820733
4827,1.1897688
4830,1.4948918
4831,
4832,1.0118778
4833,1.8722544
4835,-.75709699
4836,.07315056
4839,-.69924698
4840,-.37579629
4844,-1.4591664
4845,-.61391744
4847,.07315056
4848,.4881703
4849,.00187072
4851,.41335482
4853,-.07294476
4861,
4863,1.6042555
4864,.75851944
4866,1.4233619
4869,-.49059388
4870,1.7756929
4872,-.49059388
4874,-1.6617794
4883,.16903611
4884,-.12232273
4886,.00187072
4887,.78743181
4889,.39470692
4890,-.33479832
4891,
4892,-1.3316543
4894,.13775636
4896,-.0410661
4897,1.2338229
4900,.67197838
4902,-.9627333
4906,.16903611
4907,-1.1436539
4908,-.43324988
4909,.63780042
4910,-1.6617794
4911,1.0118778
4912,-.78660014
4913,1.0118778
4914,
4916,.75851944
4918,1.053866
4919,1.0909649
4920,-1.3009289
4921,.5537907
4922,.4881703
4927,1.3050462
4928,.60158471
4929,
4930,
4931,-.10516033
4932,.03927825
4934,.52389884
4936,-1.3316543
4937,.07315056
4939,.72446819
4940,.67197838
4942,1.6042555
4943,1.1615084
4945,
4946,-.33479832
4947,.90424231
4948,-.25471253
4950,-2.0147429
4951,
4953,.46339249
4954,-.57739008
4957,
4965,-1.5707905
4970,-.88803811
4971,-.43324988
4972,-.10516033
4975,-1.5707905
4977,-1.0041868
4980,
4981,-1.0841505
4983,1.5440317
4984,-.49059388
4986,-.14776025
4987,.45076277
4989,
4992,1.4587929
4997,-.88803811
5000,
5002,
5004,
5006,
5010,1.1615084
5012,.97446945
5013,.33853976
5014,1.023466
5019,.22992218
5020,1.2338229
5023,-1.0041868
5026,.07315056
5028,.93885137
5029,-.0410661
5030,1.3050462
5031,1.6446131
5033,-.88803811
5034,
5036,
5037,
5038,.13775636
5041,-.49059388
5042,1.820733
5044,
5045,1.820733
5047,-.10516033
5050,
5052,.03927825
5053,1.3050462
5055,-1.0041868
5056,
5058,
5059,
5061,
5062,
5063,
5064,
5065,
5066,
5067,
5070,-1.2598411
5071,-1.0841505
5074,
5076,
5077,.72446819
5080,-.75709699
5081,-.17209199
5084,1.0909649
5088,-.12232273
5090,1.4587929
5093,-1.8444385
5094,-.93332134
5100,1.1897688
5102,-.88803811
5103,
5105,-.25471253
5106,.97446945
5107,
5108,.37594729
5109,.90424231
5110,.93885137
5112,-.4096138
5116,.45076277
5117,-.48442928
5119,
5120,-.10516033
5121,
5122,-1.5707905
5124,.4881703
5127,.22992218
5132,1.0909649
5133,-.4096138
5134,-1.0841505
5135,.52389884
5136,.41335482
5139,.75851944
5142,1.6042555
5144,.86224687
5145,-1.4024812
5147,
5148,
5150,.75851944
5153,.59139815
5155,1.4948918
5156,.22992218
5157,-.78660014
5159,1.6852159
5161,-.69924698
5162,1.3050462
5164,-.65300653
5165,1.6042555
5166,1.053866
5170,.56298622
5172,.00187072
5174,1.7226234
5178,.33853976
5180,.37594729
5181,-.9627333
5183,1.7756929
5184,1.4587929
5188,1.5440317
5191,1.3859544
5197,1.6446131
5199,
5201,-.00602809
5209,.93885137
5211,-.25471253
5213,-1.6617794
5214,-1.2080508
5218,-.78660014
5220,.90424231
5222,-.37579629
5223,-.54117737
5224,-1.3316543
5226,
5229,.30113181
5231,.78743181
5234,1.1615084
5235,
5238,1.4948918
5240,-1.0041868
5244,-.33479832
5245,-1.0041868
5246,1.4948918
5248,-2.1925354
5249,.78743181
5250,.30113181
5252,.46339249
5254,
5255,
5258,.13775636
5259,.97446945
5260,-.32439728
5262,.75851944
5266,
5268,.30113181
5271,-.32439728
5273,.75851944
5275,
5277,
5278,-.43324988
5279,1.4948918
5282,.41335482
5283,.37594729
5284,-1.4591664
5286,-1.3316543
5287,-.88803811
5288,-2.3823522
5292,
5301,-.07294476
5305,
5306,1.1241009
5308,.13775636
5309,1.5440317
5312,1.2338229
5313,.37594729
5314,-1.5707905
5316,-.65300653
5321,-.25471253
5322,.26372428
5323,-1.0041868
5325,
5327,-.49059388
5329,-.10516033
5330,.5537907
5331,
5332,.52389884
5336,-.2225753
5337,.16903611
5339,.4881703
5341,-.49059388
5342,1.4233619
5345,1.6852159
5347,1.1897688
5348,-.37579629
5349,-.83114832
5350,.03927825
5352,.00187072
5353,.45076277
5354,1.6852159
5355,.46339249
5356,1.4233619
5357,.26372428
5360,1.4587929
5362,.72446819
5363,1.053866
5364,-2.0147429
5366,-.65300653
5368,-1.6617794
5370,
5371,
5373,
5374,
5375,.16903611
5376,-1.8444385
5377,-.14776025
5379,.56298622
5380,1.6042555
5383,.7053207
5384,-1.5707905
5385,.5537907
5391,-.32439728
5393,.63780042
5395,
5396,-1.4591664
5400,-.25471253
5406,.00187072
5407,.33853976
5408,1.053866
5409,.93885137
5415,.52389884
5417,
5420,-.48442928
5423,.00187072
5426,-1.3316543
5427,-.69924698
5428,1.2338229
5429,-.14776025
5431,.03927825
5433,.82483934
5434,
5435,
5436,.59139815
5437,1.5440317
5438,1.7226234
5439,.97446945
5440,-.14776025
5441,-.17209199
5442,.72446819
5443,
5445,1.1897688
5447,-.10516033
5449,
5450,.07315056
5453,.78743181
5455,-1.4591664
5458,-.57739008
5459,-1.3009289
5461,-1.0041868
5462,-1.3316543
5464,1.2338229
5471,-.88803811
5474,1.6852159
5481,1.335769
5483,.7053207
5484,.41335482
5486,
5488,-.61391744
5491,1.053866
5492,1.0118778
5494,.5537907
5497,
5499,-.54117737
5500,.67197838
5502,-.69924698
5509,.7053207
5510,-.4096138
5511,-1.6617794
5512,1.0118778
5515,-.07294476
5516,1.6446131
5517,
5518,-1.2598411
5519,-.54117737
5520,.78743181
5521,-.49059388
5522,.33853976
5523,.82483934
5524,.63780042
5525,.16903611
5529,.30113181
5532,-.00602809
5533,.60158471
5536,1.3647679
5537,.82483934
5538,.10879433
5539,-.33479832
5541,
5542,1.3050462
5545,-.37579629
5546,1.6042555
5547,-1.2598411
5549,-2.1925354
5550,-.32439728
5552,1.6852159
5553,.60158471
5554,
5555,-1.5707905
5556,.46339249
5557,-.28455516
5561,.10879433
5566,.37594729
5568,-1.4024812
5569,-.65300653
5574,-1.0041868
5577,-.00602809
5579,-.0410661
5581,1.053866
5582,
5586,-.43324988
5588,
5591,-.69924698
5592,
5593,-1.8444385
5595,.97446945
5596,-.61391744
5598,-1.4024812
5599,-2.3823522
5600,-.83114832
5602,-.75709699
5604,-.28455516
5605,
5607,.16903611
5609,-.33479832
5611,.26372428
5612,-.14776025
5614,-.75709699
5617,
5619,.93885137
5626,.13775636
5627,
5629,-.32439728
5630,-1.4024812
5631,-1.3316543
5635,-.93332134
5636,.97446945
5639,.10879433
5640,-.2225753
5643,
5650,
5651,-.28455516
5652,.75851944
5654,
5657,-1.2598411
5658,
5660,-1.8444385
5666,
5669,-.25471253
5670,1.4233619
5671,-.83114832
5673,
5675,
5676,
5678,
5680,-.88803811
5682,
5687,-.12232273
5689,-.17209199
5692,-1.8444385
5693,
5696,-2.1925354
5698,-.49059388
5699,-.49059388
5701,-.33479832
5703,-.07294476
5704,.10879433
5709,-1.5707905
5713,.7053207
5715,-.88803811
5716,-.4096138
5721,-1.3316543
5723,
5724,.59139815
5726,-1.4591664
5729,-1.2080508
5730,-.54117737
5731,.86224687
5734,-1.4591664
5736,.26372428
5737,-.93332134
5742,-.49059388
5743,1.7756929
5744,.81735792
5746,.03927825
5747,
5749,.00187072
5750,
5751,-1.3009289
5754,
5755,-1.8444385
5756,
5758,
5759,.45076277
5760,
5765,.4881703
5766,-.25471253
5769,-.83114832
5771,1.1241009
5774,
5776,-.00602809
5777,-.2225753
5779,
5780,
5781,-2.1925354
5782,-1.4024812
5784,
5786,-.14776025
5789,-2.0147429
5790,.19786372
5791,-1.6617794
5793,-.48442928
5794,-.33479832
5795,
5798,1.3859544
5802,.37594729
5804,-2.3823522
5805,
5806,-.4096138
5809,-1.5707905
5813,
5815,-1.3316543
5816,-1.0841505
5817,-2.1925354
5821,-.93332134
5823,-1.0041868
5825,
5828,-.07294476
5829,
5831,-1.1436539
5833,-2.3823522
5835,-2.1925354
5837,-.17209199
5838,-.33479832
5841,-2.3823522
5842,1.335769
5847,-2.0147429
5848,
5849,-.93332134
5850,-2.3823522
5852,-1.4024812
5857,
5861,1.7756929
5862,-2.3823522
5866,1.0118778
5867,-.17209199
5868,.7053207
5869,-1.0841505
5872,
5874,-2.0147429
5876,
5882,
5883,1.2338229
5887,
5894,-1.1436539
5896,-1.2080508
5899,-.17209199
5903,
5906,.67197838
5907,-.12232273
5908,.93885137
5913,
5918,
5920,-2.1925354
5921,
5922,.78743181
5923,-.57739008
5924,-.48442928
5926,
5927,-.65300653
5931,-.61391744
5932,
5935,-.0410661
5936,-.48442928
5940,
5941,1.6446131
5947,1.4233619
5948,-.93332134
5950,.03927825
5952,-.12232273
5953,-.88803811
5954,-.17209199
5956,
5959,.19786372
5961,-.2225753
5962,.41335482
5963,-.2225753
5964,.39470692
5967,
5969,.82483934
5970,-.43324988
5976,
5977,-.88803811
5982,-.69924698
5983,-.37579629
5984,-.9627333
5986,.41335482
5989,.5537907
5990,.10879433
5995,-.2225753
5997,-1.0841505
5998,.19786372
5999,-.00602809
6000,.90424231
6001,-.33479832
6002,.41335482
6003,1.3050462
6004,.33853976
6009,-1.4024812
6011,-2.3823522
6015,-2.0147429
6017,-1.3316543
6018,-.17209199
6020,-.69924698
6021,1.0118778
6022,.26372428
6023,1.4948918
6025,-.69924698
6026,-.75709699
6031,
6037,-.0410661
6038,.46339249
6040,-1.2080508
6041,-2.1925354
6042,1.023466
6045,
6046,-1.6617794
6049,
6050,
6052,
6054,.16903611
6059,-1.4024812
6060,-.83114832
6061,-.61391744
6062,-.75709699
6064,-1.3009289
6066,
6068,.00187072
6069,
6070,-.37579629
6072,
6073,1.6446131
6074,1.6042555
6075,.56298622
6078,.26372428
6082,.41335482
6083,-1.1436539
6084,
6085,.00187072
6088,.59139815
6089,-.57739008
6091,-1.1436539
6094,
6096,.30113181
6097,.45076277
6098,-1.0041868
6100,
6101,
6103,
6104,
6106,-1.3009289
6108,1.7226234
6111,1.3050462
6113,.07315056
6116,.33224246
6118,.33853976
6119,-.37579629
6120,-.14776025
6121,.33224246
6123,-.83114832
6125,-1.6617794
6129,
6130,
6131,
6133,1.1241009
6134,1.820733
6143,-1.0841505
6145,
6149,-.07294476
6151,.81735792
6153,.75851944
6154,
6158,1.1897688
6163,-2.3823522
6165,-1.3316543
6172,
6174,.39470692
6176,
6181,1.1241009
6182,-1.6617794
6184,-.43324988
6185,-.32439728
6187,.78743181
6191,1.5440317
6192,
6193,-1.8444385
6195,-.57739008
6196,-2.1925354
6200,-.75709699
6204,.82483934
6205,-1.5707905
6206,-1.0041868
6207,-.4096138
6210,.56298622
6213,-.43324988
6214,-.0410661
6215,1.3859544
6216,-1.2080508
6218,-.83114832
6219,-2.1925354
6220,.10879433
6222,
6223,-.25471253
6224,-.00602809
6229,.52389884
6230,1.3050462
6231,.5537907
6234,1.7756929
6236,-.43324988
6237,.67197838
6238,1.1897688
6240,.7053207
6245,1.1615084
6247,-.65300653
6248,.97446945
6250,.33224246
6251,.26372428
6252,.5537907
6254,-1.5707905
6256,.13775636
6257,-1.3009289
6261,.82483934
6263,1.820733
6264,
6267,
6272,-.32439728
6273,
6274,1.2338229
6276,-.48442928
6282,-1.0841505
6283,.00187072
6285,
6286,.00187072
6288,
6292,-1.0841505
6293,.56298622
6296,-.2225753
6297,-.9627333
6298,-.83114832
6302,-.9627333
6303,-1.3009289
6307,
6309,.82483934
6311,-.83114832
6314,-.4096138
6316,.5537907
6317,.10879433
6318,.81735792
6320,-1.0841505
6321,-.48442928
6324,.30113181
6325,.30113181
6326,.16903611
6327,.33224246
6331,.56298622
6332,1.4233619
6334,
6337,
6338,-1.1436539
6340,-.61391744
6342,
6343,
6344,.4881703
6347,.26372428
6348,-.4096138
6352,.00187072
6353,-1.2598411
6354,1.4587929
6357,-.48442928
6361,-.9627333
6362,.59139815
6363,
6364,-.49059388
6366,-.4096138
6371,
6377,-.37579629
6381,.13775636
6383,1.0118778
6384,1.023466
6385,.03927825
6387,-.49059388
6388,-1.4591664
6389,.86224687
6391,1.3859544
6392,.5537907
6393,-.25471253
6396,-.57739008
6397,-.10516033
6398,
6402,.33853976
6403,1.335769
6404,
6405,.81735792
6406,-.32439728
6409,1.0909649
6410,1.2338229
6411,-.75709699
6412,1.335769
6415,.56298622
6416,-.48442928
6417,
6423,.7053207
6425,-.10516033
6430,1.0909649
6432,-.28455516
6433,1.0909649
6434,.26372428
6435,.81735792
6438,.72446819
6439,1.7226234
6441,1.2338229
6442,.59139815
6443,1.0909649
6445,-.69924698
6446,
6449,.37594729
6450,
6452,
6453,1.6042555
6454,1.6446131
6455,-.14776025
6459,
6460,-.61391744
6461,-1.3009289
6462,-1.8444385
6464,-1.6617794
6466,-1.2598411
6471,1.023466
6472,-.48442928
6476,-.32439728
6478,1.6042555
6479,-1.5707905
6480,-1.5707905
6481,-.88803811
6485,.26372428
6486,.26372428
6488,1.0118778
6494,.03927825
6495,.30113181
6496,-.48442928
6497,-2.0147429
6502,-.2225753
6503,.46339249
6504,.13775636
6505,
6507,
6510,1.6042555
6512,1.820733
6517,.82483934
6522,
6525,.4881703
6526,
6529,-.48442928
6530,-.69924698
6531,-.32439728
6532,
6533,
6534,
6537,-.4096138
6538,.56298622
6539,-1.2598411
6543,-1.2598411
6545,
6547,-1.0041868
6551,1.0909649
6552,1.6852159
6553,.78743181
6554,.60158471
6555,1.0118778
6556,-1.6617794
6559,-.78660014
6562,
6563,.63780042
6565,1.7756929
6569,-.25471253
6570,-1.0841505
6571,.30113181
6576,-1.4591664
6577,.39470692
6578,.93885137
6583,-1.2080508
6585,-.65300653
6587,.90424231
6593,
6595,
6596,-.57739008
6597,
6600,
6602,
6604,-.48442928
6606,
6607,-.61391744
6608,-.83114832
6609,-.14776025
6610,
6611,
6612,
6613,
6614,
6619,
6620,-.43324988
6621,
6622,-.43324988
6623,
6625,
6630,
6634,.33853976
6637,
6640,
6641,
6642,-.9627333
6643,-.25471253
6644,-.17209199
6647,.93885137
6654,
6655,-1.8444385
6656,-2.3823522
6657,
6658,
6661,
6662,
6664,.52389884
6668,
6669,
6670,
6672,
6674,-2.0147429
6675,
6676,-.37579629
6677,
6679,
6680,-1.1436539
6681,-1.0041868
6683,1.4233619
6684,
6685,
6686,
6690,
6693,
6694,
6695,
6697,
6699,
6701,-.25471253
6702,.59139815
6703,
6704,
6705,
6708,
6709,-.4096138
6710,.5537907
6715,
6717,
6719,
6720,
6723,
6724,
6726,
6728,-2.1925354
6729,-.28455516
6732,
6733,
6734,-.25471253
6738,1.2338229
6739,
6740,-1.0041868
6742,-.10516033
6743,
6744,.00187072
6745,.10879433
6747,.93885137
6755,
6758,-.10516033
6759,1.3647679
6761,-2.0147429
6762,-.2225753
6764,
6767,-1.4024812
6768,-.93332134
6770,.63780042
6772,-.88803811
6773,.07315056
6778,.26372428
6779,.22992218
6780,
6783,-1.1436539
6784,-1.3316543
6787,-1.3009289
6789,-.78660014
6790,-2.3823522
6792,-1.1436539
6796,-.69924698
6797,-2.1925354
6798,-.33479832
6800,
6802,
6804,-1.6617794
6806,1.053866
6812,-.43324988
6814,
6816,-.33479832
6819,.37594729
6824,.78743181
6826,-.12232273
6827,-.32439728
6828,.63780042
6830,
6833,
6836,
6837,
6841,.7053207
6843,
6844,-1.5707905
6845,-1.0841505
6846,-.69924698
6847,-1.4591664
6848,
6850,-.65300653
6853,
6854,
6856,-1.2598411
6859,.67197838
6860,.90424231
6861,1.053866
6862,.67197838
6863,-1.3316543
6865,-.00602809
6867,-.25471253
6870,-1.4024812
6871,-.28455516
6872,-2.0147429
6873,-.69924698
6875,-1.2598411
6876,-.10516033
6877,
6878,
6879,.37594729
6886,.41335482
6887,-.17209199
6888,.19786372
6892,
6894,-.61391744
6899,-.75709699
6901,.22992218
6904,.22992218
6907,
6910,.52389884
6911,.30113181
6912,.45076277
6915,-.14776025
6918,-1.4591664
6922,-2.1925354
6926,
6927,
6928,-1.2080508
6929,-.48442928
6932,
6934,-1.4591664
6939,1.4587929
6940,.81735792
6941,-.49059388
6942,-.0410661
6943,-.48442928
6950,.03927825
6954,-1.8444385
6957,-.69924698
6958,
6959,
6960,
6961,-1.8444385
6963,
6966,.41335482
6968,
6969,-1.3316543
6970,
6973,.22992218
6974,.19786372
6975,-.25471253
6977,-1.8444385
6979,
6982,-2.1925354
6983,
6984,
6988,-.69924698
6990,-.25471253
6992,-.83114832
6993,.41335482
6994,-1.5707905
6995,-1.3009289
6997,-1.5707905
6999,
7001,
7002,-.32439728
7005,
7008,
7009,-1.4024812
7015,-1.2598411
7016,-2.1925354
7019,-.75709699
7020,
7022,-1.0841505
7023,-2.0147429
7025,
7027,-1.8444385
7028,.10879433
7029,-.9627333
7030,.60158471
7031,
7033,
7039,-.75709699
7040,-1.6617794
7043,-1.5707905
7044,.07315056
7045,
7046,-.10516033
7047,-.83114832
7049,-.78660014
7051,1.0118778
7052,.75851944
7055,-.61391744
7056,-1.2598411
7061,.19786372
7062,1.5440317
7065,-2.1925354
7067,-2.3823522
7068,-1.8444385
7071,
7074,-.75709699
7076,.07315056
7077,-1.2598411
7078,.63780042
7080,1.2338229
7085,-.78660014
7087,
7092,.45076277
7093,
7095,1.5440317
7097,1.1241009
7100,
7101,.72446819
7102,.03927825
7103,.30113181
7104,
7108,.56298622
7109,-.93332134
7113,-2.3823522
7114,-2.0147429
7115,-.88803811
7116,-.57739008
7119,
7126,-1.2598411
7127,-.93332134
7128,-.9627333
7129,
7130,
7131,
7134,-.48442928
7135,-.12232273
7138,-.10516033
7141,-1.0041868
7143,.63780042
7146,-1.1436539
7149,-1.0041868
7150,-.61391744
7153,.41335482
7155,1.4233619
7156,
7157,
7159,-1.2080508
7160,
7163,1.1241009
7165,
7167,-.65300653
7168,.7053207
7170,.10879433
7171,-.33479832
7174,1.0118778
7179,-1.8444385
7181,
7184,-.75709699
7186,1.5440317
7190,1.1241009
7191,.56298622
7193,.7053207
7195,-1.2080508
7196,.30113181
7197,.52389884
7201,.30113181
7202,-.2225753
7203,
7205,
7206,1.7226234
7207,
7209,.07315056
7210,.26372428
7212,
7214,
7216,
7219,.59139815
7220,-.2225753
7221,
7222,1.4948918
7223,.86224687
7224,.13775636
7225,
7227,-1.5707905
7228,
7229,-.12232273
7231,
7233,-2.3823522
7234,-.69924698
7238,
7239,
7242,-.10516033
7245,
7246,-.4096138
7247,-1.3009289
7248,-1.2598411
7249,-1.4591664
7250,
7251,-1.8444385
7252,1.3050462
7253,
7254,-.00602809
7255,-.9627333
7256,
7257,.93885137
7259,.59139815
7260,-.48442928
7261,-.12232273
7265,
7266,-.88803811
7267,-1.6617794
7271,-.49059388
7272,-1.3009289
7274,-1.3316543
7276,-1.2080508
7277,.4881703
7278,.33224246
7280,
7282,-2.3823522
7283,
7285,.45076277
7287,
7288,-.49059388
7289,.72446819
7290,-.0410661
7292,-.83114832
7297,
7298,
7299,
7300,
7307,-.4096138
7308,.45076277
7309,.37594729
7310,-1.1436539
7311,
7312,
7314,-.33479832
7315,
7316,-1.4591664
7320,
7322,.75851944
7323,-1.0841505
7325,.33853976
7326,
7331,-2.1925354
7332,-.43324988
7334,-.83114832
7335,-.9627333
7336,.7053207
7337,-.32439728
7338,-.0410661
7339,1.3647679
7342,-.75709699
7343,-.33479832
7345,-1.3316543
7346,-.83114832
7347,.26372428
7349,-.12232273
7350,-.54117737
7352,.39470692
7353,-.78660014
7354,-.65300653
7355,-.65300653
7356,-.9627333
7358,-1.3009289
7360,.93885137
7361,-1.5707905
7362,.86224687
7363,
7364,-1.0041868
7369,-1.4024812
7372,-1.4024812
7375,-1.0041868
7376,-1.4024812
7377,-1.8444385
7383,1.053866
7386,-.17209199
7387,-2.0147429
7389,-.25471253
7393,
7394,1.7756929
7396,-.33479832
7397,-2.3823522
7398,
7402,.93885137
7403,-.78660014
7405,
7412,-.4096138
7413,
7415,-.93332134
7416,
7417,-2.0147429
7418,
7421,1.4233619
7423,
7424,-1.0841505
7425,-1.2598411
7426,-1.3316543
7427,-.88803811
7428,-.48442928
7430,-1.6617794
7431,
7433,-.4096138
7435,.75851944
7436,-2.1925354
7439,-1.4591664
7441,-.78660014
7442,-.12232273
7447,
7448,-1.8444385
7449,-2.3823522
7451,
7453,
7455,-.57739008
7457,.39470692
7458,-1.2598411
7459,-2.1925354
7461,-1.5707905
7462,-2.1925354
7463,-.75709699
7464,-.17209199
7465,-.43324988
7466,
7471,-1.4591664
7472,-.69924698
7473,-.69924698
7474,-.69924698
7475,
7476,-.9627333
7481,-.54117737
7483,-1.6617794
7484,-.69924698
7485,-1.4591664
7488,
7490,
7497,.78743181
7498,-1.5707905
7500,-.9627333
7502,-1.4591664
7503,-.88803811
7505,
7506,-.32439728
7507,-.07294476
7510,-.25471253
7515,-.61391744
7516,.82483934
7518,-1.1436539
7522,-.37579629
7523,-.37579629
7524,-2.1925354
7526,
7529,
7532,-.17209199
7537,-.28455516
7538,.52389884
7540,-.33479832
7542,
7544,
7547,-.33479832
7548,.22992218
7549,.10879433
7550,1.1615084
7552,-.88803811
7553,-.61391744
7554,-.33479832
7558,-1.3316543
7560,-.32439728
7561,-1.3009289
7562,-1.3009289
7564,.4881703
7565,.26372428
7566,.33853976
7567,-.2225753
7568,-.93332134
7569,.26372428
7570,-1.0841505
7572,
7573,
7578,-.43324988
7581,-.10516033
7583,
7585,-.69924698
7589,.46339249
7594,1.4587929
7595,-.10516033
7596,-1.3316543
7597,-.10516033
7599,-1.3009289
7600,-.69924698
7602,-.9627333
7604,.26372428
7607,-1.3009289
7615,-.37579629
7620,
7621,1.820733
7624,
7627,-2.1925354
7629,
7630,-2.3823522
7631,-2.1925354
7638,
7640,
7641,.59139815
7642,.82483934
7643,.56298622
7645,-1.3316543
7648,-2.0147429
7649,-1.2598411
7651,.93885137
7656,-.75709699
7658,
7660,.00187072
7661,-2.3823522
7663,
7664,
7667,.90424231
7669,
7670,
7672,
7673,
7674,
7675,-1.3316543
7676,-1.4024812
7677,-1.0841505
7678,-1.2598411
7680,
7691,
7693,-.48442928
7696,
7699,
7700,
7703,
7704,-.32439728
7706,.81735792
7710,-.48442928
7712,
7714,
7718,
7721,
7722,.52389884
7723,.39470692
7725,
7726,
7727,-1.3009289
7729,-2.3823522
7731,-.61391744
7733,-1.5707905
7735,-1.4591664
7737,-1.3316543
7739,-1.8444385
7742,-1.1436539
7744,-.57739008
7745,.4881703
7746,-1.3316543
7747,-2.3823522
7748,.07315056
7749,-.93332134
7750,-2.1925354
7751,-1.4024812
7752,-1.0041868
7753,
7755,
7757,-.57739008
7759,-.54117737
7760,-.32439728
7761,-.17209199
7763,-2.0147429
7768,-1.3009289
7771,-.78660014
7772,-.2225753
7775,
7776,
7778,
7779,-.25471253
7783,-.75709699
7784,.13775636
7785,
7786,
7788,
7789,
7790,.63780042
7791,
7796,-1.8444385
7797,-.78660014
7799,1.335769
7800,.78743181
7802,-.57739008
7803,-.49059388
7805,.03927825
7806,.75851944
7807,-.0410661
7808,
7810,-.83114832
7812,
7818,-.75709699
7820,-.37579629
7821,-.93332134
7822,-1.1436539
7825,1.3647679
7827,
7831,-1.1436539
7832,-.57739008
7833,
7834,.26372428
7835,-.0410661
7838,
7839,-.2225753
7845,-.57739008
7847,-.4096138
7848,-1.1436539
7849,.19786372
7850,-.49059388
7854,.78743181
7855,1.023466
7859,-.33479832
7860,
7861,.52389884
7862,-.54117737
7864,
7865,-.32439728
7866,-2.1925354
7867,
7869,-2.0147429
7875,-.43324988
7876,-2.3823522
7879,
7881,-1.4591664
7882,
7883,-1.2598411
7884,-1.8444385
7885,-1.6617794
7889,-.69924698
7890,-1.4024812
7891,-2.0147429
7893,-1.2080508
7894,-1.8444385
7897,
7898,1.023466
7900,
7902,-1.4024812
7905,-1.5707905
7910,-1.8444385
7912,-.83114832
7913,
7914,
7915,1.3859544
7916,
7917,
7919,-2.1925354
7921,
7928,-1.2080508
7929,-.75709699
7930,-.75709699
7933,.33224246
7934,-.75709699
7935,-1.6617794
7936,1.3050462
7940,
7943,
7944,
7948,-.57739008
7949,
7952,-.12232273
7953,-1.3316543
7955,-1.4024812
7956,-.48442928
7963,-.75709699
7965,-1.3009289
7967,-1.0841505
7968,-.78660014
7969,
7970,
7971,
7972,-1.1436539
7973,.33224246
7974,
7975,
7981,-.78660014
7982,
7983,-1.3009289
7984,-.88803811
7988,-.4096138
7990,
7991,
7993,-2.0147429
7994,-1.2080508
7997,-.78660014
7998,-1.6617794
8001,-1.3316543
8002,
8003,-1.0041868
8004,-.93332134
8005,
8015,
8016,-1.6617794
8025,-.93332134
8026,-1.5707905
8028,-.65300653
8029,-2.0147429
8031,-.78660014
8032,-.4096138
8034,.13775636
8035,
8036,
8038,-.57739008
8040,
8041,
8042,-1.3316543
8043,
8045,
8046,-.78660014
8047,-1.1436539
8049,
8050,-.25471253
8051,.5537907
8052,
8053,-1.1436539
8055,-.78660014
8057,-1.6617794
8058,
8059,.16903611
8062,-2.1925354
8063,
8065,
8071,-1.4591664
8072,-.57739008
8073,-1.0841505
8076,
8077,1.0909649
8078,-.00602809
8087,1.6852159
8088,-.93332134
8090,
8094,
8099,-1.3009289
8100,
8101,
8102,.39470692
8104,
8105,.59139815
8108,.60158471
8109,-.54117737
8110,-1.8444385
8124,-1.6617794
8126,
8129,.07315056
8130,.30113181
8132,-.10516033
8135,-.2225753
8136,-.57739008
8137,-1.0041868
8138,-.33479832
8142,-2.0147429
8145,-2.3823522
8148,.19786372
8149,-.10516033
8150,-.93332134
8151,.52389884
8152,-.10516033
8153,-.61391744
8154,-1.0841505
8156,-1.2598411
8157,-1.4591664
8158,-1.6617794
8159,
8160,.52389884
8161,-.37579629
8162,-.88803811
8164,-1.1436539
8165,-1.6617794
8166,-2.1925354
8168,.22992218
8169,.19786372
8171,-1.0841505
8172,.03927825
8173,
8174,-1.8444385
8177,.41335482
8179,1.0118778
8180,.59139815
8181,-.88803811
8186,-.37579629
8187,-.49059388
8190,1.5440317
8191,.13775636
8192,
8193,
8194,1.0118778
8196,
8197,1.053866
8198,-.10516033
8199,-1.8444385
8200,.13775636
8206,-1.4591664
8209,-.88803811
8213,-.93332134
8214,1.5440317
8216,.07315056
8220,-1.4024812
8221,
8222,-1.1436539
8223,1.3859544
8224,.81735792
8227,.13775636
8228,-1.0041868
8229,.16903611
8231,
8234,-.25471253
8236,-.65300653
8238,.52389884
8241,.67197838
8243,-1.1436539
8246,
8247,-2.0147429
8250,1.6446131
8252,-2.1925354
8253,.10879433
8260,-.48442928
8261,.39470692
8262,-2.1925354
8263,
8266,.75851944
8267,.16903611
8268,-1.4591664
8269,-1.8444385
8270,-2.3823522
8274,
8275,-.0410661
8278,.33853976
8279,-.83114832
8280,.75851944
8282,.33224246
8284,1.6446131
8285,1.4233619
8287,-1.4591664
8291,-.83114832
8294,-1.0041868
8295,
8298,-.88803811
8302,
8305,
8306,-1.0841505
8310,-1.1436539
8312,-.4096138
8313,.39470692
8316,-1.4024812
8317,-1.3009289
8321,-1.2598411
8322,
8324,.19786372
8326,-.61391744
8328,
8330,.03927825
8332,-.14776025
8333,-1.4024812
8338,-1.2080508
8339,.03927825
8340,-1.0041868
8344,-.28455516
8346,.26372428
8347,-.49059388
8348,-1.4591664
8349,
8350,.19786372
8352,-1.8444385
8353,-1.4591664
8354,.90424231
8355,-1.4024812
8359,-2.3823522
8360,-1.4024812
8361,-1.1436539
8371,.41335482
8375,
8376,.39470692
8379,-1.2598411
8380,
8381,
8383,.13775636
8384,-.78660014
8387,-1.4591664
8388,-1.2080508
8389,-1.3009289
8395,.07315056
8398,-.69924698
8399,-.12232273
8404,-.57739008
8407,
8409,
8410,-.83114832
8412,
8416,.60158471
8417,-2.1925354
8419,-1.3316543
8420,.39470692
8421,-1.3316543
8423,.33853976
8425,-1.0841505
8426,-.61391744
8428,-1.0041868
8429,-1.2598411
8430,
8432,.4881703
8433,1.1615084
8434,-.12232273
8436,
8437,
8441,-1.6617794
8442,
8443,
8445,
8446,-.49059388
8447,-.75709699
8448,
8449,-1.3316543
8452,-.49059388
8453,.37594729
8454,-.93332134
8455,-.37579629
8457,-.83114832
8460,-.0410661
8462,.5537907
8463,-2.3823522
8464,-2.3823522
8465,
8466,
8473,-1.5707905
8474,-.37579629
8475,-1.1436539
8477,-2.1925354
8481,.67197838
8482,-1.3009289
8483,-2.0147429
8484,
8485,
8486,
8487,-.83114832
8488,
8489,-1.6617794
8500,.00187072
8501,1.0909649
8503,-.69924698
8504,.41335482
8507,-1.4024812
8511,
8514,-.48442928
8516,
8517,
8518,
8519,-.83114832
8521,.00187072
8523,-1.4591664
8527,-2.3823522
8528,.60158471
8529,-.14776025
8530,-1.4024812
8533,-1.2598411
8536,-.83114832
8537,-1.3009289
8538,-.33479832
8539,
8541,
8542,-1.2080508
8543,-.48442928
8544,1.023466
8547,
8548,-1.4591664
8550,-.65300653
8551,.37594729
8553,-1.2080508
8554,
8557,-.88803811
8558,
8559,-1.4024812
8560,-1.5707905
8563,.19786372
8565,-.17209199
8566,-.17209199
8567,.60158471
8568,.13775636
8570,.33224246
8571,-1.2080508
8572,
8574,-.54117737
8576,
8581,
8585,-.28455516
8587,-.54117737
8591,.56298622
8592,.5537907
8593,-.28455516
8594,
8595,
8597,-.00602809
8598,.39470692
8599,-.17209199
8602,-.61391744
8604,-1.8444385
8605,-.75709699
8606,1.0909649
8607,-.65300653
8612,-.07294476
8613,
8614,1.6446131
8615,
8617,-1.6617794
8618,-.25471253
8619,.56298622
8621,
8623,-.78660014
8625,
8631,-2.3823522
8635,
8636,
8637,
8639,-2.3823522
8642,-1.0841505
8643,-.88803811
8647,-1.0841505
8654,
8655,
8656,-1.6617794
8657,-.32439728
8658,
8660,-.54117737
8662,
8665,-1.8444385
8666,
8667,-.54117737
8674,-1.8444385
8675,.4881703
8676,.60158471
8677,.60158471
8683,-1.0041868
8684,.33224246
8686,
8690,1.3859544
8691,.26372428
8692,-.54117737
8694,-.83114832
8702,
8704,
8706,.03927825
8707,.45076277
8708,-.83114832
8709,1.3647679
8710,.33853976
8714,.4881703
8718,-1.2598411
8719,-2.0147429
8721,-.33479832
8724,1.0909649
8734,
8736,
8738,
8739,-.57739008
8741,
8742,
8746,-2.1925354
8747,-1.8444385
8750,.78743181
8753,-1.3316543
8754,-1.2598411
8755,-2.3823522
8756,.37594729
8757,-.61391744
8758,.63780042
8759,-1.0041868
8760,1.053866
8761,-2.1925354
8763,.41335482
8764,1.6852159
8770,-.57739008
8771,-1.8444385
8772,-2.1925354
8773,1.1897688
8776,-2.0147429
8777,
8779,
8783,
8786,-.93332134
8788,.33224246
8789,-.69924698
8794,-.54117737
8795,.10879433
8798,-.12232273
8799,.33224246
8800,-.4096138
8801,-.83114832
8802,
8803,-1.1436539
8804,.10879433
8807,.56298622
8811,.67197838
8816,-.37579629
8817,
8819,
8820,
8823,-1.8444385
8824,.00187072
8825,-.83114832
8828,
8833,
8834,
8835,1.5440317
8836,-.17209199
8838,-.33479832
8839,-1.3009289
8841,-.00602809
8842,-1.0841505
8843,-1.2598411
8846,-1.3009289
8847,-.25471253
8849,-.75709699
8852,-.54117737
8854,
8855,.07315056
8857,
8858,
8862,-1.5707905
8864,-2.1925354
8868,-.00602809
8869,
8872,
8877,1.5440317
8878,.90424231
8879,.75851944
8880,
8885,-1.0041868
8886,-1.4024812
8890,
8892,-2.0147429
8893,1.4587929
8895,-1.4591664
8900,.10879433
8901,-.00602809
8903,.33853976
8907,-1.2598411
8908,-1.2598411
8909,-.75709699
8910,-.78660014
8911,-.57739008
8913,
8914,-.10516033
8918,.46339249
8921,-.48442928
8928,-.2225753
8930,
8932,-.0410661
8933,-.57739008
8934,.60158471
8939,-1.8444385
8940,-.65300653
8942,-1.8444385
8943,-.88803811
8945,
8948,-1.4591664
8949,1.6446131
8952,-.78660014
8955,-.17209199
8956,.37594729
8957,1.7226234
8958,
8959,
8960,-.17209199
8963,-.93332134
8965,
8967,
8970,-1.2598411
8971,-.54117737
8977,
8978,1.3647679
8979,.82483934
8982,-.10516033
8983,-.10516033
8984,-.61391744
8985,.33853976
8986,1.023466
8990,-1.4024812
8992,1.820733
8995,-1.4591664
8996,-1.3316543
8999,-.17209199
9000,-1.3316543
9005,-.32439728
9006,-.07294476
9007,
9009,1.335769
9010,.07315056
9013,
9017,-.2225753
9019,-.65300653
9020,1.6042555
9021,-.25471253
